Code,Nom,Stock,StockMin,StockMax
520113855,FE1896-520: Panneau ABT1-1 VE2NV20-IDF,0,1,7
520113852,FE1897-120: Panneau ABT2-2 VE1NV11-IDF,0,1,7
520112828,Carte alimentation G2 AT 2,0,1,7
520110310,Verrou CAMLOCK DIAM.5 AVEC RONDELLE,0,1,7
520107450,Ecran PIES IDF,1,1,7
3EST000231-8150,Pompe cooling,0,1,7
3EST000229-7657,echangeur de chaleur - eau,0,1,7
3EST000228-0619,MIO-S DXH2 - Utiliser 520083272,0,1,7
3EST000227-3700,CYLINDER LOCK,0,1,7
3EST000227-0830,RESISTOR UNIT L3M2 FS,0,1,7
3EST000227-0761,FILTER COVER 4 - M2A,0,1,7
520105527,RELAI F470S1-H4A-UZX,0,1,7
520104551,Platine de commande porte IdF,0,1,7
520099896,Module électronique C2M,0,1,7
520099809,IHM Radio GSMR type G60,0,1,7
520095146,collier  - Compresseur prin,0,1,7
3EST000227-0196,Couvercle de coffre HT CA - HV plate,0,1,7
3EST000226-5780,Switch-Disconnector,0,1,7
3EST000225-4965,Relay 72 VDC-ST1782 Ed C2,0,1,7
520094808,BOUTON POUSSOIR C22 MAINTENUE 2NO,0,1,7
520094807,BPL DEBORDANT BLANC 1NO - BPL-W,0,1,7
520094481,Ne plus utiliser - Voir 520112537,0,1,7
520093291,Coffre de frein bogie extrémité BM,0,1,7
520093114,DURIT EPDM 9x14 U E169 BATTERIE,0,1,7
520092889,Poulie motrice - LSU,0,1,7
520090154,Sonde de temperature pour tester le refrigerant,1,1,7
520087622,Panneau auxiliaire 01 V20,0,1,7
520087057,Kit connecteur FXP1RP-3M32-P01,0,1,7
520086861,Comble lacune UFR NPDC - 155906.0104,0,1,7
3EST000225-2650,Speed sensor resolver,0,1,7
3EST000225-2411,ACM three phase damp link 15 uH 363 A,0,1,7
3EST000225-2286,echangeur de chaleur,0,1,7
3EST000225-2269,Contacteur isolation 1100A 2000V,2,1,7
3EST000225-2043,Diode 1000A 3300V DD1000S33HE3,0,1,7
3EST000224-9115,Condensateur d'amortissem 2 mF / 2050V,0,1,7
3EST000224-8853,DC Filter capacitor ACM,0,1,7
3EST000224-3275,Relais temporise de surintensite primaire - HV plate (K4305),2,1,7
520084416,CABLE GPS (entre le rack et le connecteur intermediaire),0,1,7
520084183,Soft applicatif toilette,0,1,7
3EST000223-6812,Carte de connexion - HV plate,0,1,7
520084181,Soft TDB carte CIP3,0,1,7
520084174,Soft Serveur PIES,0,1,7
520084167,Soft clim voy - SCU,0,1,7
520083876,IBU (FT0010090-501) VE,1,1,7
520082993,SUPPORT DE SABLIERE DROIT,0,1,7
520080709,Relais QI-FEM,0,1,7
520080231,Moteur 010547A2,0,1,7
520080186,Moteur prod air principale,0,1,7
520080183,Controller (KPC),0,1,7
520078357,Coff à batt. 38 cell. equipe sans batt.,0,1,7
520077094,Corps de vanne - Toilette LSS,0,1,7
520077023,Temporisateur FE1812-72V- Panneau relais,0,1,7
520076901,Key Lock 10M922SS.M - Plafond interc,0,1,7
520076346,Capot côte compresseur - Compresseur prin,0,1,7
520076341,service valve cap-HP - Clim cabine,0,1,7
520076208,circuit breaker of  Fresh Air fan - Clim cabine,1,1,7
520075955,Flange + heating element 5REBHBS47001 - Rechauffeur,0,1,7
520075908,Thermostat EAW 230V AC 135°C - Rechauffeur,0,1,7
520075907,Thermostat EAW 24V DC 90°C - Rechauffeur,0,1,7
520075893,temperature thermostat(for 150? to 250?) - Clim cabine,1,1,7
520074981,verin assemble - Repose pied,0,1,7
520074186,Disjoncteur 4 5A AMN3R-P39P38P39 - Clim 32,0,1,7
520074173,Carte MCM automate clim,5,1,7
520074156,MODULE M SIMEF0816PA / 32641B10121 - Clim 32,0,1,7
520123325,Module_ARP recepteur AM,1,1,7
520073949,Sondes de temperature (air neuf) 681F10026 - Clim 12,1,1,7
520073922,Rechauffeur clim 32,0,1,7
81600856S,Resistance de mise à la masse du neutre -,0,1,7
81020080S,HOUSING D20 09 06 048 0521 - Clim 32,0,1,7
81010855S,P/CONEC.MODULAR 16B 09140160313 - Clim 32,0,1,7
77002701S,CLE DE MANOEUVRE JAUNE,0,1,7
520029467,Antenne GPS,0,1,7
520029369,Jupe large - Soufflet,0,1,7
520029365,Soufflet exterieur,0,1,7
520029007,Euroantenne,0,1,7
520028890,Boitier pneumatique monostatique,0,1,7
520028815,PANTOGRAPHE 1.5 KV AX NG,0,1,7
520028524,Unite de climatisation cabine,0,1,7
520025901,Haut Parleur externe equipe - Porte voyageur,0,1,7
520025884,Barre de coordination gauche,0,1,7
520145281,PRESSURE SWITCH RANGE 1-10 BAR FT0021710-100,1,1,7
520120503,Mécanisme de serrure gauche/DOOR LOCK ASSEMBLY Left,0,1,7
520120497,CABLE FOR WINDOW,0,1,7
520120490,BEARING,0,1,7
520118263,Serrure et gache equipee IDF,0,1,7
520114661,Ensemble Porte Gauche IdF,0,1,7
520025817,Carre de deverrouillage - Porte voyageur,3,1,7
520024008,Attelage de secours V12,0,1,7
520023482,BAIE 2N STANDARD TYPE G,0,1,7
520023050,Unite extraction double,0,1,7
520022521,Rechauffeur WC LSU - Clim 12,0,1,7
520016814,FRAME FOR HOOD SIZE 16B 09 14 016 0303/641M669 - Clim 12,0,1,7
520059112,Gicleur - Toilette LSS,0,1,7
520058786,Bras d'entrainement secondaire (exterieur droite) - Porte interc,0,1,7
520058785,Bras d'entrainement secondaire (exterieur gauche) - Porte interc,0,1,7
520058782,Ensemble butee elastique - Porte interc,0,1,7
520058763,Carte CPU7,0,1,7
520058761,Carte STUB,0,1,7
520058730,Bloc enfichable ALMV2387,1,1,7
520058590,Carte alimentation 7w,0,1,7
520058527,Cylindre Deny  - Porte cabine,0,1,7
520058525,Système de verrouillage - Porte cabine,0,1,7
520058489,Cable equipe (condamnation) - Comble lacune,0,1,7
520058488,Cable equipe (isolation) - Comble lacune,0,1,7
520058483,Palier moteur - Comble lacune,0,1,7
520058456,Butee assemblee - Comble lacune,1,1,7
520058455,Marche coulissante CL - Comble lacune,0,1,7
520058314,Prise de charge - Coffre batterie,0,1,7
520058313,Fusible 63A - Coffre batterie,0,1,7
520058259,Store lateral - Porte cab,0,1,7
520058255,Locquet 1/4 de tour assemble - Comble lacune,0,1,7
520058070,Relais cyclique THLC 72V - EV,1,1,7
520058058,Bloc contact auxiliaire temporise repos - EV,0,1,7
520058054,Balai equipe - EV,0,1,7
520057981,Fin de course cond equipe - Porte voyageur,1,1,7
520057979,Chaine equipee - Porte voyageur,1,1,7
520057978,Bielle fixe equipee - Porte voyageur,0,1,7
520057975,Capacite equipee - Porte voyageur,4,1,7
520057966,Kit FCF E156442-0101 - Porte voyageur,1,1,7
520057960,Accouplement - Porte voyageur,0,1,7
520057939,Palier equipe E152609-0101 - Porte voyageur,0,1,7
520057931,Rail à bille inferieur - Porte voyageur,0,1,7
520057786,Coque de protection gauche - siège cond,0,1,7
520057782,Dossier equipe - siège cond,0,1,7
520057781,Partie mobile siege - siège cond,0,1,7
100495626,Platine de commande de porte STI 2014,0,1,7
100479200,Access Box Type 1 Etendu (1032),7,1,7
TC520029892,Tiroir sonorisation/interphonie PSC1PH,0,1,7
TC520032043,Module d entrees/sorties MIO-DXH3,0,1,7
TC520029464,Tiroir ATESS complet phase 1,0,1,7
TC3EST000222-0750,Module convert. de ligne LCM 1500,0,1,7
TC520032727,Afficheur interieur,0,1,7
TC520037780,MCG-C,0,1,7
TC520058764,Carte SSE4,0,1,7
100325207,Afficheur réservation OLED,0,1,7
TC3EST000210-3202,Connexion box type 2,0,1,7
TC3EST000229-0923,Capteur de tension  1500VDC,0,1,7
TC520083703,Carte unite centrale,0,1,7
TC520032476,Module controleur SDQ 2P,0,1,7
TC520032867,Camera video surveillance,0,1,7
TC520033816,Rack electronique BCU type 3,0,1,7
TC520058564,Ventilateur condenseur,0,1,7
TC520121097,Platine de commande porte ONO,0,1,7
TC520032006,Ordinateur VCU-C (CCU-O CC),0,1,7
520123419,Platine elec equipee (Vx1N) ONO,0,1,7
520084001,FLEXIBLE INTERCAISSE PAVILLON CP/CG,0,1,7
KIT100165254,Kit montage capteur anti-enrayeur,0,1,7
KIT520023051,Kit montage extracteur d'air decentre,0,1,7
KIT520028614,Kit montage jupe avant haute gauche,0,1,7
520057639,Reservoir 60 litres carterise,0,1,7
520057631,Moteur 72v,1,1,7
520057541,Valve a minimum de pression - Compresseur prin,0,1,7
520057529,Cartouche filtre C1176/3 - frein,0,1,7
520057527,Robinet isolement - Compresseur aux,0,1,7
520057522,Reservoir inox 4l,0,1,7
520057503,Compresseur UPAA,0,1,7
520057499,Compteur Horaire - Compresseur prin,0,1,7
520057474,Motocompresseur auxiliaire MC,0,1,7
520057470,Relais thermique LRD-066 - Clim 12,0,1,7
520057455,Contacteur LC1D-186SL S207 TESYS - Clim 32,1,1,7
520057407,convertisseur Martek SRE2400-D/1 - Clim 32 et clim 12,0,1,7
KIT520033267,Kit pour montage MSAV25K Transducer (CAPTEUR HTac),0,1,7
KIT520033524,Kit montage CVS 30kw 400/72v,0,1,7
520056920,Carte WBI_1,0,1,7
520056898,Carte MVBC1R,0,1,7
520056882,Module FEM,1,1,7
520056779,NJMR,0,1,7
520056778,Valve de neutre - Freinage,0,1,7
520056772,Connexions souples E040001-0101 - Panto,0,1,7
KIT520033810,Kit montage panneau de frein,0,1,7
KIT520034765,Kit montage groupe refroidissement L3M2,0,1,7
KIT520078358,Kit montage coffre batterie 18 cellules,0,1,7
520056729,KIT BTF SUBD9M/13,0,1,7
520056690,Corne 25kV - Panto,0,1,7
520056673,Connexions souples - Panto,0,1,7
520056637,Amortisseur 25kV - Panto,0,1,7
520056607,Element chauffant (avec câble  droit)  - Attelage,0,1,7
520056587,Carte DI_1,0,1,7
520056553,Pressostat - Attelage,0,1,7
520056542,Conduite 1038272 - Attelage,0,1,7
520056520,Verin de manœuvre - Attelage,0,1,7
520055974,Housse complexee d'assise HDII - Strapontin,0,1,7
520039566,Z(IS)CLM-C - 902 204,0,1,7
520039534,Z(ES)VA - 902 987,0,1,7
520039509,Z(SE)RADIO - 902 957,1,1,7
520039507,Z(SE)EGL-LGL - 902 979,0,1,7
520039500,Contact Femelle Or 0 5 à 0 75 mm² connecteur MVB intercaisse,0,1,7
520039308,Z(SEL)RV - 902 962,0,1,7
520039306,Commutateur Z(RG-CLIM),1,1,7
520039305,Z-DJ - 902 980,1,1,7
520039304,Z(ECL-CAB) - 902 983,1,1,7
520039255,Capot a levier taille 24B,0,1,7
520039132,Housing 16B 09 30 016 0381 - Clim 32,0,1,7
520053297,Z(TEST-I)CLM-VY1/2(VI2N) - Z(TEST-I)MOT1/2)(VI2N) - 902 955,0,1,7
520053260,CFKD KIT CONNECTEUR CMC32EA61-41S6 A91,0,1,7
520050834,BORNIER BNRCLMVY 23200 Ohms,0,1,7
520050831,BORNIER BNRCLMVY 2800 Ohms,0,1,7
520050322,Adaptateur etancheite longi 53x38x0.5,0,1,7
520050097,BORNIER BNRCLMVY 4320 Ohms,0,1,7
520046851,CC - JA1S-Y249-32(5-20) - CC-CPRx,0,1,7
520043200,SUPPORT EQUIPE VALVE NIVELLEMENT,0,1,7
520042075,BPL(AAT) & BPL(INH) UFR,0,1,7
520041902,Z(IS)GRB - 902 237,0,1,7
520040051,Voyant P30 (vert),0,1,7
520039983,Voyant P30   (bleu),0,1,7
520039783,BP(A-AUT-OP) - 902 906,0,1,7
520039758,BOUTON POUSSOIR  P30 1NO IP67 AFFLEURANT BLANC,0,1,7
520039715,BOUTON POUSOIR P30  3NO  IP67 AFFLEURANT BLANC,0,1,7
520039714,"BOUTON POUSSOIR P30 ""Coup de poing"" 2NO IP67 Affleur",0,1,7
100156213,Graisseur de boudin,0,1,7
100156093,Plaque intermediare pour frein de sabot ->,0,1,7
100147660,Bloc de freinage type semelle fonte gauche,0,1,7
100143064,Essieu monte moteur Type 810,0,1,7
1001161327,MAIN CONTACT,0,1,7
3EST000221-0012,Condensateur - DC filter capacitor,0,1,7
3EST000218-0271,EMI CAPACITOR MODULE,0,1,7
3EST000216-2563,Relais auxiliaire 3A/72VDC-FD470-H4WP-WYY - Modules PPC,3,1,7
3EST000214-9736,Carte compact flash 2GB - TCMS/TCN,0,1,7
3EST000214-4866,CONTACTOR COOLING UNIT,0,1,7
3EST000214-4110,Relais de detection de courant - HV plate,0,1,7
3EST000213-7369,Parafoudre 1500VDc,0,1,7
3EST000213-7368,Parafoudre 25 kV,0,1,7
3EST000212-2418,Carte Processeur (CPU) 128MB RAM-DTPC 4* - TCMS/TCN,0,1,7
3EST000210-1927,inducteur transitoire,0,1,7
3EJD000000-9508,demi Accouplement,0,1,7
3EJD000000-9096,Reducteur assemble,0,1,7
151001660,fil securite appui tete,0,1,7
100282826,DJ 3P 3A,2,1,7
100183755,"Etrier de frein avec frein de parking 9""",0,1,7
100178124,Miniature Circuit Breaker 3P/5 5A/400VAC/LTD/6kA,1,1,7
100168675,Amortisseur vertical primaire,0,1,7
100165254,Capteur AE double equipe Lg 1150mm,0,1,7
100158095,PIN MALE 51513-16-20T12 - Clim 12,0,1,7
520038380,Indicateur de frein,0,1,7
520037916,CC  1P  160A  72VCC  2RT - AM1P-Y29-2(160-2),0,1,7
520037911,COUPE CIRCUIT 1P 16A 72VCC 1RT,0,1,7
520037385,Contacteur - LADN116,1,1,7
520035919,Antenne radio tribande reference TRGLI - GSMR,0,1,7
520035671,Rail coulisse petit panneau - Porte interc,0,1,7
520035067,DJ(RECA) - AM2R-Y128-17(20-20/p),0,1,7
520034766,Coffre convertisseur L3M2 Section module,0,1,7
520034761,Moteur traction equipe,0,1,7
520034504,BUTEES PASSAGE EN COURBE EXTREMITE INTER CONTE DROIT VE2N,0,1,7
520034126,Lave-vitre,0,1,7
520033776,Module VACMA,1,1,7
520033771,Panneau auxiliaire 02,0,1,7
520033266,Module C2&M,0,1,7
520032866,IHM CCTV,0,1,7
520032478,Module laser SDQ simple,1,1,7
520032043,Module d'entrees/sorties MIO-DXH3,1,1,7
520031557,Ens.convertisseur 72/24 V type MTM PCMSD,0,1,7
520031299,Ens. reservoir d'eau claire,0,1,7
520029911,Transformateur haut-parleur interieur petit - TR_SILS - VCS,3,1,7
520029910,Haut-parleur interieur petit - SILS - VCS,0,1,7
520029895,Tiroir sonorisation/interphonie PCCRxPH,1,1,7
520038694,Siege conducteur equipe,0,1,7
520038692,Accoudoir gauche - siège cond,0,1,7
520103308,Kit connecteur SubD9 M/32,0,1,7
IPCNAT002010,Relais FD470-H4W-WYY - Panneau relais,6,1,7
IPCNAT002022,Relais FD670-H4W-WXUV (Q3(URG) & Q-FEM),0,1,7
IPCNAT002038,Temporisateur THLOR-72H4-ZWY- Panneau relais,0,1,7
IPCNAT002039,Relais F670S2-H4D-YWUV - Panneau relais,1,1,7
IPCNAT002046,Relais FD370-H4W-WY- Panneau relais,0,1,7
IPCNAT280130,Diode anti retour - SKN2 5/16,0,1,7
100488132,Panneau d'appel à l'aide UFR PCUa 25N,0,1,7
520118724,Generateur de son plateforme - evolution,1,1,7
520060044,Kit Patins d'usure 01 - Soufflet,0,1,7
520059585,Kit joint trappe - E155962-0101 Comble lacune,0,1,7
520059581,Condamnation sur vantail - Porte voyageur,0,1,7
520059574,Palier droit equipe E156082-0102 - Porte voyageur,0,1,7
520059563,Carte passerelle Ethernet,1,1,7
520059539,Module puissance primaire,1,1,7
520059372,Ensemble charnière gauche - Porte cab,0,1,7
520059362,Mecanisme de serrure droit - Porte cab,0,1,7
520059344,Ensemble poignee de fenêtre - Porte cab,0,1,7
520059334,Gâche standard - Porte cab S&S,0,1,7
520059181,Vantail de porte LSU - Toilette LSU,0,1,7
520059178,Poulies LSU - Toilette LSU,0,1,7
520059146,Electrovanne double (P13) - R006344,0,1,7
520070438,ENSEMBLE CONTACTEUR 55 RFSA 72T P7,0,1,7
520066054,VALVE DE NIVELLEMENT VN6P 780 635 60 08 - Freinage,0,1,7
520066036,PANNEAU COLLE VI FT0010247-901 - Freinage,0,1,7
520066033,COLLECTEUR EQUIPE - Freinage,0,1,7
520065839,BUTEES PASSAGE EN COURBE EXTREMITE INTER COTE GAUCHE VE1N,0,1,7
520065820,Reservoir inox 15l,0,1,7
520064524,Seuil Inox porte exterieure cabine - Porte cab,0,1,7
520064009,BUTEE PORTE ACCES CABINE (remplace par 520109455),0,1,7
520062429,Z(FORC-SEC-AUT-OP) - 902 972,0,1,7
520061483,Joint secondaire G11014 Saira- Porte cabine,0,1,7
520060960,MONO TABLETTE NCS S 1000N,0,1,7
520060493,Kit de maintenance carte electronique connecteur - Indicateur frein,0,1,7
520155134,IBU intermédiaire (FT0010090-506),1,1,7
520113859,FE1897-320: Panneau ABT2-2 VE2NV20-IDF,0,1,7
520113857,FE1896-820: Panneau ABT1-4 VE2NV20-IDF,0,1,7
520110018,Cloison gauche equipee VE1N - type Compin,0,1,7
520107379,Serveur_PIES_IDF,0,1,7
3EST000227-0269,Filter cover 2 - M2A,0,1,7
520102730,POIGNEE DOSSIER NCS S 100N SATIN,0,1,7
520099908,erreur,0,1,7
520098575,Joint raccord clamp 2,2,1,7
520098553,FILTRE A AIR,0,1,7
3EST000225-7183,Relais 103 - U2 - K4304,0,1,7
3EST000225-5844,DC-inducteur 7 mH 446 A,0,1,7
3EST000225-5463,Tableau a relais -U10 LCBB PCB,1,1,7
520094035,DJ(CLM-VY) DJ  4P  70A  400VAC  1RT,1,1,7
520093293,Coffre de frein bogie interm.avec CVS BP,0,1,7
520091684,Voltmètre batterie 72v     V-BA,0,1,7
520090018,Capteur de commutation alimentation CA14 / vidange CA13,0,1,7
3EST000225-2265,ancienne ref; Contacteur moteur traction 350 A 1500 V,0,1,7
3EST000225-0007,current detection relay,0,1,7
520085564,EVACUATION BATTERIES 38 CELLULES,0,1,7
520084184,Logiciel applicatif CPU1 - SDQ,0,1,7
3EST000224-1111,Convertisseur CC/CC,1,1,7
520084171,Logiciel comptage passagers PCU100,0,1,7
520084165,Soft clim cabine - MCU,0,1,7
520084035,Software BCU,0,1,7
520082858,Module isolement double VE sans frein de parking,0,1,7
520080251,DJ à RELAIS 2P 400VAC 1RT (JA2S-Y149-2 1/20P,0,1,7
520077024,Cache embase F3XX - Panneau relais,0,1,7
520076902,Security Lock - Plafond interc,0,1,7
520076797,Spot PHD - Plafond interc,0,1,7
520076659,KIT CONNECTEUR CPP32M27-10S1L070/2,0,1,7
520075957,Thermostat EAW 230V AC 70°C - Rechauffeur,0,1,7
520075954,Thermostat EAW 230V AC 100°C - Rechauffeur,0,1,7
520075901,CORPS USINE BLOC DE REGULATION - Compresseur prin,0,1,7
520075899,Boitier electrique - Compresseur prin,0,1,7
520075868,rechauffeur + bride / 5REBHBU73001- Rechauffeur,0,1,7
520074984,BP de commande avertisseur à 2 etages - Repose pied,0,1,7
520121097,Platine de commande porte - ONO,0,1,7
520074193,DC/DC convertisseur - Clim 32,1,1,7
520074182,Contacteur LC1D-386BL S207 TESYS - Clim 32,1,1,7
520074180,CONJ.TJ.MOD.PSIF S1 - Clim 32 et clim 12,2,1,7
520074170,CONJ.TJ.MOD.CANIO S2+SW PH - Clim 32,0,1,7
520074159,Carte MCM : utiliser 740074173 - Clim 32,0,1,7
520074158,PIN M 00171430292 - Clim 32,0,1,7
520074152,SPLITE SIM2S112A / 641B10117 - Clim 32,0,1,7
520074043,FICHE H VBN8RM20-15SNT39-VO-M25F - Clim 32,0,1,7
520073925,Soupape Securite 34 bar 1/4 N - Clim 32,0,1,7
520073920,Servomoteur LF24-MFT2 - Clim 32,0,1,7
81601709S,Resistance disjoncteur de signalement 180 ohm -,2,1,7
520028817,Isolateur 1 5kV - Panto,0,1,7
520028816,BOITIER PNEUMATIQUE BISTATIQUE,0,1,7
520028606,Vitre frontale Equipee,0,1,7
520025900,Haut Parleur interne - Porte voyageur,1,1,7
520124798,Commutateur IP-TS Redfox2,0,1,7
520118264,Butee,0,1,7
520118209,Bague autolubrifiee d16x22,0,1,7
520118208,Bague autolubrifiee d16x22,0,1,7
520118207,judas optique,0,1,7
520114660,Ensemble Porte Droite IdF,0,1,7
520113862,FE1899-020 : Panneau PLTR V13-IDF,0,1,7
520025882,Vantail droit equipe - Porte acces voyageur,0,1,7
520025815,Seuil equipe,0,1,7
520023029,Ensemble derogateur de consigne - Clim 32,0,1,7
520022374,PROJECTEUR ROUGE ET BLANC (ancien modèle remplacé par 520077735),0,1,7
520016392,MODULE 0914.020.3001 - Clim 32,0,1,7
520014784,CABLE CLAMP D20 09 06 800 9955 - Clim 32,0,1,7
520013602,DISJONCTEUR TRIPOLAIRE 35 1R,1,1,7
520059117,Vanne de decharge H11 - Toilette,0,1,7
520059001,15-Capteur infra rouge (robinet & sèche-mains) - Toilette LSS,0,1,7
520058989,Serrure porte LSS - Toilette LSS,1,1,7
520058985,Vantail porte toilette,0,1,7
520058982,Plastron interieur LSS - Toilette LSS,0,1,7
520058972,Ensemble porte LSU,0,1,7
520058909,Cone diffuseur - Resist Frein,0,1,7
520058901,Banc de resistances type  1 - Resist Frein,0,1,7
520058769,Bras d'entrainement primaire (interieur gauche) - Porte interc,0,1,7
520058766,Ensemble butee elastique - Porte interc,0,1,7
520058762,Carte DBL5,1,1,7
520058732,Bloc enfichable SVS2624,1,1,7
520058612,Bloc enfichable CJRU34386,1,1,7
520058568,Carte emission TF1,0,1,7
520058564,Ventilateur condenseur,1,1,7
520058485,Kit chaine - Comble lacune,0,1,7
520058479,Galet escamotable assemble E155923-0101 - Comble lacune,2,1,7
520058458,Seuil CL equipe - Comble lacune,0,1,7
520058315,Sectionneur (600 A) - Coffre batterie,0,1,7
520058254,Trappe equipee - Comble lacune,0,1,7
520058156,BAIE 2N STADARD TYPE G,0,1,7
520058014,Camera retrovision 3.6,2,1,7
100365049,Camera video surveillance Intercity,1,1,7
520057974,ZIS equipe - Porte voyageur,0,1,7
520057937,Vis d'entrainement - Porte voyageur,0,1,7
520057791,Bouton de reglage hauteur equipe - siège cond,3,1,7
520057779,Rail à bille supérieur,0,1,7
100416218,Station de base porte V3,0,1,7
100320568,ENERGY CHAIN 303810,1,1,7
100479198,Access Box Type 1 Standard (1026),3,1,7
TC3EST000228-3561,RELAI 72V VDC -DC LINE VOLTAGE-,0,1,7
TC520058014,Camera retrovision 3.6,0,1,7
520129372,FE1899-330 : Panneau PLTR V19 ONO,0,1,7
520092880,Boitier pneumatique Panto 25kV V200,0,1,7
TC100356012,Commutateur IP-TS Redfox2 Nouvelle generation,0,1,7
TC520023026,Unite de climatisation passagers 32Kw,0,1,7
TC100365049,Camera video surveillance,0,1,7
TC3EST000225-5463,Tableau a relais -U10 LCBB PCB,0,1,7
TC520031990,Station de base porte,0,1,7
TC520058229,Motoventilateur d air traite clim 32,0,1,7
TC520126455,Controleur reservation de siege,0,1,7
TC100167941,Capteur AE simple Lg 1150mm,0,1,7
520047638,Kit connecteur CSR 31343-0001-00000,0,1,7
TC3EST000213-9063,Ventilateur interne,0,1,7
TC520032041,Module d entrees/sorties MIO-DI3,0,1,7
TC520038385,Poignee d alarme SAI,0,1,7
TC520038805,Manipulateur frein de secours L800T270,0,1,7
TC520058730,Bloc enfichable ALMV2387,0,1,7
TC520059374,Camera retrovision 8mm,0,1,7
TC520083272,Module d entrees/sorties MIO-S DXH2 PROPULSION,0,1,7
520053551,GRAND STORE,0,1,7
520053437,Manuel de conduite,0,1,7
KIT100147656,Kit montage frein à disque droit sans FI,0,1,7
KIT100168379,Kit montage capteur ATESS,0,1,7
KIT100183755,Kit montage frein à disque avec FI,0,1,7
KIT100208143_JACOB,kit butée rotation haute bogie JACOB,0,1,7
KIT520022464,Kit montage groupe climatisation 12kw,0,1,7
KIT520028524,Kit montage groupe climatisation cabine,0,1,7
KIT520028606,Kit montage vitre frontale,0,1,7
KIT520028612,Kit montage jupe avant haute droite,0,1,7
520120491,REFERENCE PLATE,5,1,7
520057695,Tuyau Reservoir Pompe - EV,0,1,7
520057635,Timonerie essuie vitre - EV,0,1,7
520057632,Moteur de secours,1,1,7
520057555,Filtre a poussière - Compresseur prin,0,1,7
520057550,Filtre coalescent - Compresseur prin,0,1,7
520057525,Manostat (PS) - Compresseur aux,0,1,7
520057517,Soupape de surete 8.5b,0,1,7
520057515,Refroidisseur  - Compresseur aux,0,1,7
520057390,Absorbeur d'energie inter equipe,0,1,7
520057167,Sondes de Temperature (Retour; Air neuf;air souffle) 681F10017 - Clim 32,1,1,7
520057040,Carte WBI_2,0,1,7
520056921,Carte d alimentation VD 72-,0,1,7
520056883,Manostat type F92B (S),1,1,7
520056792,Bouton poussoir urgence accomp,0,1,7
520056777,Valve d'isolement DN19 - Freinage,2,1,7
KIT520034761,KIT MOTEUR DE TRACTION EQUIPE,0,1,7
KIT520034767,Kit montage CVS M2A,0,1,7
KIT520034769,KIT MONTAGE SECTIONNEUR DE TERRE CC,0,1,7
520056691,Bande de raccordement 25kV - Panto,0,1,7
520056687,Rechauffeur WC LSS - Clim 32,0,1,7
520056670,Module  2 bistatique - Panto,0,1,7
520056661,Bande de raccordement symetrique 1 5  kV- Panto,0,1,7
520056658,Bande carbone 1 5 kV - Panto,0,1,7
520056634,contact de fin de course - Attelage,0,1,7
520056631,etancheite 1032584-510 - Attelage,0,1,7
520056608,Element chauffant (avec câble gauche )  - Attelage,0,1,7
520056606,Boite à bornes - Attelage,0,1,7
520056544,Conduite 1038263 - Attelage,0,1,7
520056526,Verin de dessacouplement - Attelage,0,1,7
520056513,Broche mâle Au 4 mm 1009087 - Attelage,0,1,7
520056498,Palier de guidage 1008951 - Attelage,0,1,7
520056315,Amortisseur - Attelage,0,1,7
520039650,Commutateur C22 - 902 227,0,1,7
520039646,Commutateur C22 - 902 226,0,1,7
520039641,Z(IS-CHG)/1/2) - Z(IS-CVS)BA - 902 960,0,1,7
520039567,Z(IS)CLM-VY/VY1/VY2 - 902 206,0,1,7
520039562,Z(IS)ECL - 902 209,0,1,7
520039542,Z-SA - 902 985,1,1,7
520039541,Z(ECL-VOY) - 902 988,1,1,7
520039538,Z-AB - 902 954,0,1,7
520039508,Z(CLM)C - 902 959,0,1,7
520039347,FICHE H 4 CONTACTS SMS4PDH3 - Clim 32,0,1,7
520039325,Fiche Radiall 2 points R142085,0,1,7
520039309,Z(CO)CLM - 902 205,0,1,7
520039198,Media filtrant,0,1,7
520038801,Bloc enfichable emission traction freinage voie 2,0,1,7
520038779,EMCO rack equipe,0,1,7
520053262,CFKB-Kit connecteur CMC 32EA61-41SB A91,0,1,7
520053114,Rechauffeur gaine 1500 W - VX2N FLOOR - Rechauffeur,1,1,7
520053014,FE1897-250: Panneau ABT2-1 VE1NV20,0,1,7
520049757,KIT CONNECTEUR SERVOMOTEUR CLIM CABINE coté Train,0,1,7
520049749,KIT CONNECTEUR DMI,0,1,7
520049708,DJ(RECA1-G-CPT4),0,1,7
520048611,Sangle de securite,0,1,7
520047914,Socle PC 400V,0,1,7
520043506,Coffre accompagnateur,0,1,7
520043478,TRAPPE SOUS PUPITRE DROITE EQUIPEE,0,1,7
520042688,Manometre MA-CF,0,1,7
520041438,Batterie de la Banque-01 (38 KRH 90),0,1,7
520041249,Contacteur PC - LA4DB3S,1,1,7
520039986,Ampoule LS(FP)DO,0,1,7
520039897,CC(72-PER) - AM1R-Y173-32(80-2),1,1,7
520039796,BP1/2(CO-FP-DO/GA) - Remplacé par 520094809 (BP1) et 520094806 (BP2),1,1,7
520039788,BP1/2-VA - 902 912,1,1,7
520039780,BP P30 1NO relégendable Affleurant Noir - BP/TEST/LS,0,1,7
100156094,Plaque intermediare pour frein de sabot ->,0,1,7
100153550,Ressorts helicoidaux groupe,0,1,7
100153334,Bogie porteur Jacobs Y426F,0,1,7
100147657,Etrier de frein cote gauche,0,1,7
100143056,Essieu monte porteur type 809,0,1,7
100101406,Plot caoutchouc primaire,0,1,7
3EST000216-3016,Resistance 1.4 ohm,0,1,7
3EST000215-7290,Diode de LT de tension detectee CA - HV plate,0,1,7
3EST000214-9948,1000A 3300V IGBT,0,1,7
3EST000214-9552,Bouton-poussoir - HV plate,0,1,7
3EST000213-9064,Pompe cooling,0,1,7
3EST000211-8565,Carte d allumage DYTP 151B (GDU),2,1,7
3EST000207-9419,VOLTAGE DETECTOR - Detecteur de tension,17,1,7
3EGM100400-0029,Terminator EMDB Female XV_C221_A02,0,1,7
3EGM032400R0001,Coupleur de bus MVB - HV plate,0,1,7
156225910,BAGUE TABLETTE CHARNIERE,0,1,7
156001100,cache de vis de pied,0,1,7
145000420,agrafe 1/4 tr D8 336-330-121 SOUTHCO DIV,0,1,7
145000410,GOUJON 1/4TR D8 316-216-130 SOUTHCO DIV,0,1,7
143001840,VIS CHC M8X61 GORGE PILOT FF B170H,0,1,7
100256197,SEMELLE FONTE SANS PENTE (V160),0,1,7
100202392,Noix d'articulation,0,1,7
100184554,coussin pneumatique bogie extremite,0,1,7
100167940,Capteur AE equipe simple Lg 1150mm,3,1,7
100162237,Capteur ATESS R2N Lg 1600mm,0,1,7
100158098,PIN MALE 51513-12-20T12 - Clim 32,0,1,7
520038379,Embase siège - siège cond,0,1,7
520038168,Connecteur de terminaison ESD+ / Mâle - TCMS/TCN,0,1,7
520037915,CC1(DEP 72) - AM1R-Y173-33(50-20),1,1,7
520037913,CC(PRE/PER°72) - AM1R-Y173-37(40-20),3,1,7
520037380,Contacteur - LP1D800086SWS207,0,1,7
520037366,Contacteur - LC1DT206SLS207,0,1,7
520036480,Unite production d'air auxiliaire,0,1,7
520036141,profil seuil exterieur - Porte interc,0,1,7
520036140,profil seuil interieur - Porte interc,0,1,7
520035670,piece de montage grand panneau - Porte interc,0,1,7
520035105,Kit fixation barres E155893-0101 - Porte voyageur,0,1,7
520033819,VALVE DE NIVELLEMENT VN6P 780 635 61 08,1,1,7
520033817,VALVE DE NIVELLEMENT VN6P 780 635 59 08,1,1,7
520033808,Coffre de frein bogie inter (FT0011193-164),0,1,7
520033807,Coffre de frein bogie extremite (FT0011194-100),0,1,7
520033775,ROBINET D'ARRET COUDE 1 1/4  (version droite) - Freinage,0,1,7
520033770,Panneau auxiliaire 01 V11,0,1,7
520033525,Module ventilation,1,1,7
520032869,Ensemle bulle retrovision 8mm,0,1,7
520032864,DVC encodeur video,2,1,7
520032729,Afficheur frontal,0,1,7
520032036,Bus coupleur MVB,0,1,7
520032007,Ordinateur VCU-C (CCU-C) - Ne plus utiliser,0,1,7
520031990,Station de base porte,1,1,7
520031407,Petit panneau fixe - Porte interc,0,1,7
520047795,Kit connecteur mobile EKO1832-0240²-B0001,3,1,7
100167941,Capteur AE simple Lg 1150mm,0,1,7
IPCNAT002007,Temporisateur THLM-72H4-YWZ- Panneau relais,0,1,7
IPCNAT002040,Relais F670S1-H4A-UVUV,0,1,7
520060054,Boutons poussoirs - Toilette LSS,0,1,7
520060051,Vanne à boule - Toilette,0,1,7
520059578,Galet inferieur equipe E156530-0101 - Porte voyageur,1,1,7
520059577,Galet superieur equipe E156529-0101- Porte voyageur,2,1,7
520059576,Toron moteur - Porte voyageur,0,1,7
520059575,Moteur cable E156188-0101 - Porte voyageur,0,1,7
520059571,Support colonne assemble (droit) - Porte voyageur,0,1,7
520059369,Ensemble poignee exterieure  - Porte cab,0,1,7
520059368,Ensemble poignee interieure - Porte cab,0,1,7
520059234,Module de detection batterie basse,1,1,7
520059183,Poignee interieur deverrouillage mecanique LSU - Toilette LSU,0,1,7
520059182,Patin inferieur LSU - Toilette LSU (NE PLUS UTILISER - DTR1000016471 ),1,1,7
520059175,H.13-Vacuostat analogique - Toilette LSS,1,1,7
520059174,H.13-Vacuostat numerique - Toilette LSS,0,1,7
520059171,Capteur de niveau 95% CA12 / 65% CA11 - Toilette LSS,0,1,7
520059142,Contacteur C1 - Toilette LSS,0,1,7
520073682,Motoventilateur extraction 2 - unite double,1,1,7
520073388,COMMUTATEUR P30,0,1,7
520066442,Housse complexee de Dossier Haut HDII - Strapontin,0,1,7
520066039,COFFRE VI EQUIPE - Freinage,0,1,7
520066032,COLLECTEUR EQUIPE - Freinage,0,1,7
520064828,BARRE DE CONNEXION PANTO,0,1,7
520064529,Bague de Ressort - Siege accomp/strapontin,0,1,7
520064528,Ressort siege accompagnateur - Siege accomp/strapontin,0,1,7
520064400,CC  1P  1A  72 VCC  1RT (CC3-AVER),0,1,7
520064310,Butee  de fermeture - Panto,0,1,7
520064218,Kit de remise en etat - Panto,0,1,7
520060497,Moteur de ventil condenseur clim 12,0,1,7
520060492,Kit de maintenance joint de platine - Indicateur frein,0,1,7
520060487,FILTRE RC ATESS,0,1,7
520060077,Appui tête - siège cond,0,1,7
100541817,LAMPE LS FP,0,1,7
520113858,FE1897-220: Panneau ABT2-1 VE2NV20-IDF,0,1,7
520111598,Joint avant Femelle 159496.0001 - Porte voyageur,0,1,7
520109407,Tuyau fusible,0,1,7
3EST000230-5986,Contactor.Schaltbau K4340 K4341,0,1,7
3EST000228-6574,CAPTEUR DE NIVEAU D HUILE TRANSFORMATEUR,1,1,7
3EST000228-5682,capteur de niveau cooling,1,1,7
3EST000228-0899,Poignee acrotere,0,1,7
520105526,Electrovanne eau potable H38,3,1,7
520095943,raccord staubli (520070408),0,1,7
3EST000227-0167,Tôle d#unite term. .35 - HV plate,0,1,7
3EST000225-6005,Sectionneur mise terre CA,0,1,7
3EST000225-6003,Disjoncteur principal CA,0,1,7
3EST000225-4907,Voltage detector,1,1,7
520092888,Valve d'isolation  P18 - toilette,0,1,7
520090152,relais/72 V F470-H4WP-WWU(DC72V),0,1,7
520090135,CVS LED Trumeau,1,1,7
520090134,CVS tube espace voyageur,0,1,7
520090130,Servomoteur d'air repris - clim 32kw,0,1,7
3EST000225-4494,Micro-rupteur - coffre HT CA - HV plate,0,1,7
3EST000225-4361,Résistance de ligne d'amortissement du MCM - L3M2,0,1,7
3EST000225-4354,Resistance de ligne d'amortissement - L3M2,0,1,7
3EST000225-2720,Connecteur de configurat. DCA 0031A,2,1,7
3EST000225-2289,echangeur de chaleur - huile,0,1,7
3EST000224-8901,Disjoncteur principal CC Regio2N (remplacé par 230-5959),0,1,7
3EST000223-6774,Carte de communication MVB DCTA 772A - HV plate,0,1,7
520084180,Baseline TCN,0,1,7
520084179,Baseline TCMS,0,1,7
520084175,Soft IHM - combine,0,1,7
520084173,Soft Ecran PIES,0,1,7
520084169,Soft lect badge lecteur pupitre,0,1,7
520083573,IBU (FT0010090-519) VI,0,1,7
520083275,BP LAMPE CLIGNOTANTE JAUNE,0,1,7
520083273,Module d'entrees/sorties MIO-S-DXH4,0,1,7
520080188,Panneau Equipe prod air aux,0,1,7
520078358,Coff à batt. 18 cell. equipe sans batt.,0,1,7
520077735,Fanal YSP1608,0,1,7
520077029,Coque d'assise - Strapontin,0,1,7
520076515,Coffre du disjoncteur de ligne CC (LCB Box),0,1,7
520076342,service valve cap-LP - Clim cabine,0,1,7
520076303,CABLOT EQUIPE POUR ANTENNE GPS,0,1,7
520076209,circuit breaker of  Evaporator fan - Clim cabine,1,1,7
520075952,rechauffeur + bride / 5REBHBS90001 - Rechauffeur,0,1,7
520075869,Thermostat EAW 24V DC 80°C - Rechauffeur,0,1,7
520075767,Kit connecteur CPP36M27-10PNL071-CMCVSTTX20,0,1,7
520074692,Panneau droit,0,1,7
520074690,Panneau Gauche,0,1,7
520074191,Disjoncteur 25A AMN2R-P39P26 - Clim 32,0,1,7
520074151,SPLITE SIM2S112B / 641B10118 - Clim 32,0,1,7
520128897,MANOSTAT de régulation - F93 - Compresseur principal MA(RG)CPR,2,1,7
520074005,METAL HOUSING D 20 09 06 848 0551 - Clim 32,0,1,7
520073687,Sub. ensemble filtre de melange - Clim 32,0,1,7
81601046S,Contacteur crepusculaire -,0,1,7
81001371S,Housing 24B 09 30 024 0381 - Clim 32,0,1,7
73000428S,Avertisseur à air comprime aigu 660Hz,0,1,7
72002467S,Convertisseur DC DC,0,1,7
5685006001,graisseur d'attelage dellner,0,1,7
520029893,Tiroir sonorisation/interphonie PSC2PH,2,1,7
520029890,Gouttière VE2N - Porte cab,0,1,7
520029500,Passerelle symetrique flexible - Soufflet,0,1,7
520029466,Module GPS ATESS,1,1,7
520029368,Jupe etroite - Soufflet,0,1,7
520029032,Tiroir de ventilation,0,1,7
520120507,Joint de porte ensemble intérieur,0,1,7
520118260,Tole butee,0,1,7
520024007,Attelage automatique,0,1,7
520022291,Ens.toilette LSU,0,1,7
520016393,MODULE H TYPE EEE-20 0914.020.3101 - Clim 32,0,1,7
3EST000281-8764,DURITE L3M2,0,1,7
3EST000233-0486,Ventilateur de condensation L3M2 MS,0,1,7
520059115,Valve pneumatique P14 - Toilette LSS,0,1,7
520059114,Clapet anti-retour H28 - Toilette LSS,0,1,7
520059002,Commande du distributeur de savon - Toilette LSS,0,1,7
520058986,Charnières porte LSS - Toilette LSS,0,1,7
520058984,Actuateur pneumatique verrouillage LSS - Toilette LSS,1,1,7
520058908,Motoventilateur complet,0,1,7
520058814,Patins - Porte interc,0,1,7
520058788,Joint arriere 1223291601 - Porte interc,0,1,7
520058783,Ensemble petit galet - Porte interc,0,1,7
520058781,Ensemble galet - Porte interc,0,1,7
520058592,Carte input output emission TF2,0,1,7
520058534,Joint principal G11013 Saira- Porte cabine,0,1,7
520058459,Bavette - Comble lacune,0,1,7
520058409,Housse d'assise siege accompagnateur - Siege accomp,0,1,7
520058407,Housse de dossier siege accompagnateur - Siege accomp,0,1,7
520058406,Ventilateur condenseur clim 32,0,1,7
520058258,Charnière equipee - Comble lacune,0,1,7
520058256,Kit bequille - Comble lacune,0,1,7
520058062,Joint 153338 - Attelage,0,1,7
520058019,BLOC OPTIQUE EQUIPE DROIT NEUTRE,0,1,7
520058009,Joint acoustique (haut-droit) E156185-0003 - Porte voyageur,0,1,7
520058007,Joint acoustique (haut-gauche) E156185-0005 - Porte voyageur,0,1,7
520058005,Joint acoustique (superieur) E156185-0004 - Porte voyageur,0,1,7
520058004,Bouton poussoir equipe BPL-OP-E - Porte voyageur,3,1,7
520057983,Voyant fermeture porte - Porte voyageur,2,1,7
520057980,Kit vitrage E156288-0101 - Porte voyageur,0,1,7
520057962,Kit Butee moteur - Porte voyageur,0,1,7
520057936,Butee equipee - Porte voyageur,0,1,7
520057929,Vitrage - Porte voyageur,0,1,7
520057790,Bouton de reglage lombaire equipe - siège cond,0,1,7
520057789,Assise equipee - siège cond,0,1,7
520057787,Molette d' inclinaison du dossier - siège cond,0,1,7
TC3EST000210-3203,Connexion box Type 3,0,1,7
TC3EST000225-2720,Connecteur de configurat. DCA 0031A,0,1,7
TC520102736,Module d'entrees/sorties MIO-S-DXH4,0,1,7
TC520073681,Motoventilateur extraction 1 - unite double,0,1,7
520146059,IBU (FT0010090-521),1,1,7
TC520037782,Generateur de sons en cabine,0,1,7
TC3EST000225-4376,Connexion box type 4,0,1,7
TC520029895,Tiroir sonorisation/interphonie PCCRxPH,0,1,7
TC520032008,Ordinateur VCU-C (CCU-O GDI),0,1,7
TC520038801,Bloc enfichable emission traction freinage voie 2,0,1,7
TC520073682,Motoventilateur extraction unite double,0,1,7
TC520127944,Routeur Wifi MAR_21Net_Boite,0,1,7
TC3EST000299-9640,Drive Control Computer DCC 2582A,0,1,7
TC520032042,Module d entrees/sorties MIO-DXH1,0,1,7
TC520032869,Ensemle bulle retrovision 8mm,0,1,7
TC520102735,Module E/S MIO-S-DXH3(520076878),0,1,7
TC3EST000225-2290,Ventilateur,0,1,7
TC520032864,DVC encodeur video,0,1,7
TC520058732,Bloc enfichable SVS2624,0,1,7
TC3EST000225-2731,Capteur de courant,0,1,7
TC520031859,Unite centrale,0,1,7
520049288,FE1896-400: Panneau ABT1-5 VE1NV11,1,1,7
TC520029893,Tiroir sonorisation/interphonie PSC2PH,0,1,7
520145214,KIT PRISE USB,6,1,7
520107201,Feu Frontal YSP 1972,0,1,7
520054524,Commutateur C22 - 902 252,1,1,7
KIT520023026,Kit montage groupe climatisation 32kw,2,1,7
520057540,Clapet anti-retour - Compresseur prin,0,1,7
520057539,Bouton poussoir lumineux - EV,0,1,7
520057536,Filtre + Manchon filtrant 60 µm - EV,1,1,7
520057454,Contacteur LC1D-186BL S207 TESYS - Clim 32,0,1,7
520057453,Disjoncteur 6A AMN2R-P39 P26 - Clim 32,0,1,7
KIT520031299,Kit montage reservoir eau claire WC,0,1,7
KIT520033777,Kit montage robinet de mecanicien,0,1,7
520057169,Disjoncteur 1A AMN3R-P39P38P39 - Clim 12,0,1,7
520057142,Boite à ressort 1 5 kV- Panto,2,1,7
520056902,Carte mère 48 - 36,0,1,7
520056899,Carte IDB_1,1,1,7
520056897,Carte mère 84 Regio 2N,0,1,7
520056889,Double valve type DN25 - Freinage,2,1,7
520056821,Regulateur de pression - Panto,1,1,7
520056764,Manostat type F92B (URG) CG,1,1,7
520056762,Manostat type F92B 784 605 66 08 - Panneau frein,1,1,7
520056760,Filtre DN12 781 332 01 08 - Freinage,1,1,7
520056739,Manostat - Panto 25kv,0,1,7
520056727,KIT BTF SUBD9F/7,0,1,7
520056711,Joint 1038021 - Attelage,0,1,7
520056693,Bande de raccordement symetrique 25kV - Panto,0,1,7
520056639,Bande carbone 25 kV - Panto,0,1,7
520056632,vis MRT-GF - Attelage,0,1,7
520056550,Tuyau 1035870-3 - Attelage,0,1,7
520056540,Jeu de filtres d'echappement  - Attelage,0,1,7
520056516,Broche femelle Ag 4 mm  1009089 - Attelage,0,1,7
520056360,Vitre Caméra Afficher,0,1,7
520056211,Vanne 3/2 mecanique  - Attelage,0,1,7
520055978,Housse complexee d'assise CSIV - Strapontin,0,1,7
520039653,Z(A)Q-BA - 902 212,1,1,7
520039651,Z(TEST-I)CLM-VY(VE1N) - VY1/2(VE2N) - MOT1/VI1N - 902 207,0,1,7
520039640,Z(IS-ASS-FP) - 902 228,0,1,7
520039543,Z-LPR - 902 982,1,1,7
520039539,Z-PT - 902 981,0,1,7
520039533,Z(IS)FU-SI(AL) - Z(RODAGE) 902 245,0,1,7
520053376,Z(IS-I)COF(FI)(VENV11) / Z(IS-I)CVS-TT(VE1NV11) - 902 254,1,1,7
520052081,connecteur harting M12 A,0,1,7
520050832,BORNIER BNRCLMVY 6190 Ohms,0,1,7
520050096,BORNIER BNRCLMVY 158000 Ohms,0,1,7
520048657,Bandeau LED (Carte LDD) eclairage pupitre,0,1,7
520046062,Z(LI)COU - 902 967,0,1,7
520045071,CABLE GPS (entre le connecteur intermediaire et l antenne),0,1,7
520044051,DIODE HACHEUR,0,1,7
520043568,Ensemble vidange LSU et LSS (V11 et autres),0,1,7
520041910,BORNIER BNRCLMVY 61900 Ohms,0,1,7
520041904,Z(IS)REOU - 902 242,0,1,7
520041903,Z(IS)SAI - 902 203,0,1,7
520041901,Z(IS-G)GRB / Z(IS)FU-SI(AL) - 902 244,1,1,7
520041308,NEON GRAND 28W,0,1,7
520040626,FICHE SMS9PDH3 641B10135 - Clim 32,0,1,7
520039766,BP1/2/3(ECL-CAB) - 902 902,1,1,7
520039765,BP  P30  2NO  Picto  Affleurant  Noir,0,1,7
520039764,BP-LIS - 902 907,1,1,7
100157997,BASE MALE VBN3-20-15PNT39-VO - Clim 32,0,1,7
100156306,Roulement boite d'essieu,0,1,7
100156083,Amortisseur anti-lacet equipe,0,1,7
100155738,Amortisseur vertical primaire bogie mote ext,0,1,7
100153326,Bogie moteur extremite 429B,0,1,7
100147661,Bloc de freinage type semelle fonte droite,0,1,7
3EST000222-0730,Module convert. moteur MCM 1500,0,1,7
3EST000214-4358,contacteur 1200 V AC 250 A AC-LTC002501,0,1,7
3EST000214-4113,OVER VOLTAGE RELAY,0,1,7
3EST000214-2311,Resistance Resistance de charge - L3M2,0,1,7
3EST000212-9855,poutre de refroidissement - L3M2,0,1,7
3EST000212-5253,Joint de couvercle - Modules PPC,0,1,7
3EST000211-9915,Carte de base DTBB 411B - TCMS/TCN,0,1,7
3EST000208-0536,Boîtier de resistance 72V - HV plate,0,1,7
3EGM039900R0002,Module LIM,1,1,7
156225240,BAGUE FRICTION ACCOUDOIR,0,1,7
145000430,rond 1/4TR D8 326-101-200 SOUTHCO DIV,0,1,7
135604960,BAGUE ACIER ARTICULATION ACCOUDOIR PEN,0,1,7
100356013,Commutateur IP-TR Redfox2 Nouvelle generation,0,1,7
100356012,Commutateur IP-TS Redfox2 Nouvelle generation,0,1,7
100242663,Etrier de frein cote gauche,0,1,7
100178123,miniature circuit breaker,2,1,7
100165252,Capteur AE double equipe Lg 1815mm,0,1,7
100158114,PIN FEMELLE 51511-12-20T12 - Clim 32,0,1,7
100158111,PIN FEMALE 51511-16-20T12 - Clim 12,0,1,7
520038170,Connecteur de terminaison EMD / Mâle - TCMS/TCN,0,1,7
520037912,CC - JA1S-Y249-13(10-20),0,1,7
520037910,CC - JA1S-Y249-3(5-20),0,1,7
520037382,Contacteur batterie - TC50/20442 - C1-C2BA-VI2N,0,1,7
520037363,Contacteur - LC1D2586SLS207,0,1,7
520036462,Joint 520036462- Sablage,0,1,7
520035918,IHM Radio GSMR reference G60,0,1,7
520035122,DJ(400)PC - AM4R-Y43-8(63-20),1,1,7
520035121,DJ(RECA-PL-CPT) - AM4R-Y43-7(5-20),1,1,7
520035110,Absorbeur frontal haut AX-BF2,0,1,7
520034781,Commutateur d'isolement du panto CC,0,1,7
520034764,Resistance de freinage,0,1,7
520034125,Ensemble tuyau / accessoires - EV,0,1,7
520033820,Valve fin de course 785 625 01 08 - Freinage,1,1,7
520033815,Rack electronique BCU type 2,1,1,7
520033814,Rack electronique BCU type 1,1,1,7
520033809,Coffre de frein bogie inter (FT0011193-115),0,1,7
520033777,Robinet de mecanicien avec support,1,1,7
520033526,Module chargeur de batterie,0,1,7
520033524,CVS 30KW 400/72,0,1,7
520033269,Antenne GPS comptage energie,0,1,7
520032186,Siège accompagnateur gait,0,1,7
520032042,Module d'entrees/sorties MIO-DXH1,1,1,7
520032031,Node-ID plug TCMS / et TCN - TCMS/TCN,0,1,7
520032009,Ordinateur VCU-C (Passerelle IP/IP),0,1,7
520032003,ecran IHM 410,1,1,7
520032000,Commutateur IP-TR,1,1,7
520031480,Ens.reservoir de retention LSS,0,1,7
520031404,Ensemble vantail secondaire,0,1,7
520029896,Panneau d'alarme passager PCUe - SAI,1,1,7
520038727,LISSEUSE DIMMABLE PLAFOND CAB PHD-3 BROCHES,0,1,7
520038693,Cache vis SW 13 black - siège cond,0,1,7
100355234,CVS liseuse siège voyageur ONO - TET Carte PSU,0,1,7
IPCNAT002035,Relais F670-H4D-YUUV - Panneau relais,4,1,7
520060028,Condensateur - Toilette LSS,0,1,7
520060024,Capteurs electrique position libre - Toilette LSS,0,1,7
520060022,Actuateur pneumatique P21 - Toilette LSS,0,1,7
520059584,Bande anti-derapante - Comble lacune,0,1,7
520059582,Bande anti-derapante - Porte voyageur,0,1,7
520059341,Joint de porte exterieur 78079026 - Porte cab,0,1,7
520059204,Joint de porte interieur 78079025 - Porte cab,0,1,7
520059203,Indicateur de niveau des reservoirs - Toilette LSU,0,1,7
520059200,Indicateur - Toilette LSS,0,1,7
520059186,Plastron interieur LSU - Toilette LSU,0,1,7
520059179,Motoreducteur porte LSU,0,1,7
520059173,Membrane de retention - Toilette LSS,0,1,7
520072056,Kit connecteur VBN6RM-22-14PNT39-V0-M32F (version Z courte),0,1,7
520069799,KIT CONNECTEUR VBN6RCS1F28-21PNT39-V0,0,1,7
520066443,Housse complexee de Dossier Haut CSIV - Strapontin,0,1,7
520065998,COFFRE EQUIPE - Freinage,0,1,7
520065990,CAPOT EQUIPE - Panneau frein,0,1,7
520065855,Carte de controle ADCU,1,1,7
520064974,cable equipe fin de course - Porte interc,0,1,7
520064526,Liaison siège accompagnateur repose pied - Siege accomp,0,1,7
520064525,Habillage interieur de porte  gauche - Porte cab,0,1,7
520064087,Fanal YSP1971,0,1,7
520062314,Capteur de courant de décharge,1,1,7
520061145,Verrou gauche tiroir Batterie - Coffre batterie,0,1,7
520060476,Kit connecteur HAN-M-24B-EEE-SP - connecteur intercaisse,0,1,7
520060408,FE1897-500-Panneau ABT2-3 VE2NV20,0,1,7
520049284,FE1896-000: Panneau ABT1-1 VE1NV11,1,1,7
520113849,FE1896-220: Panneau ABT1-3 VE1NV11-IDF,0,1,7
520110141,Traverse inférieure équipée - Cloison cabine type compin,0,1,7
520110017,Porte centrale équipée VE1N/VE2N Idf - Cloison cabine Compin,0,1,7
520109492,DJ  4P 70A 400VAC 2RT  dual control - DJ(CVS)BA,0,1,7
520108463,Tiroir de reouverture KVBP,0,1,7
3EST000232-9677,VENTILATEUR DE CONDENSATION M2A (G4343),0,1,7
3EST000230-5959,Disjoncteur principal CC PHD,0,1,7
3EST000228-6585,Transformateur de courant,0,1,7
520102735,Module E/S MIO-S-DXH3(520076878),1,1,7
520099808,Tiroir radio GSMR type B61b1,0,1,7
520099138,HAUTS PARLEURS ERTMS,0,1,7
520098552,REGULATEUR DE PRESSION,1,1,7
520094974,Contacteur ABB   AF16ZB-30-10RT22,0,1,7
520094972,Contacteur ABB AF75-22-00,0,1,7
3EST000227-0080,BOITE A CLES,0,1,7
3EST000226-4456,CONNECTEURS CFCVSTTX20-ET X21,0,1,7
3EST000226-3547,Capteur de courant  250/1000A,0,1,7
3EST000225-4908,Transformateur de courant 800A/5A,0,1,7
520094809,BP1(CO-FP-GA) & BP1(CO-FP-DO),0,1,7
520094806,BP2(CO-FP-DO) et BP2(CO-FP-GA),0,1,7
520094641,Cable capteur de courant,0,1,7
520094482,Motoventilateur Condenseur clim 32,0,1,7
520091474,TABLE VERSION COURTE,0,1,7
520090136,Assemb liseuse pour appui tete droit,0,1,7
520087499,Ens. reservoir d'eau claire LSU,0,1,7
520087058,Kit connecteur FXP1PP-3M32-S01,0,1,7
3EST000225-2730,DC Line Capteur de courant  1000/2000A,0,1,7
3EST000225-2273,Three phase contactor 4NO 400A 1000VAC * - M2A,1,1,7
3EST000225-2271,Sectionneur de retour de courant,0,1,7
520086571,JA2S-Y149-4(1-20/P),1,1,7
520086142,Repose pied equipe (Saintronic),0,1,7
520085563,EVACUATION BATTERIES 18 CELLULES,0,1,7
520084415,CABLE RADIO (entre le rack et le connecteur intermediaire),0,1,7
3EST000224-1460,Mechanicle drive system MJP 250 - Propulsion,0,1,7
520084172,Soft applicatif portes passagers,0,1,7
520084039,Soft DVC,0,1,7
520084038,Soft CCTV - Ecran Jetview,0,1,7
520082994,SUPPORT DE SABLIERE GAUCHE,0,1,7
520080994,Automate clim,2,1,7
520080185,Compresseur prod air principale,0,1,7
520077093,Ecran - Toilette LSS,0,1,7
520077026,Cache embase F6XX - Panneau relais,0,1,7
520077020,Relais F470S1-H4D-YZX - Panneau relais,0,1,7
520076900,Key Lock Plafond interc10M922S - Plafond interc,0,1,7
520076798,Alimentator - Plafond interc-CVS OMER,0,1,7
520076343,Capteur de temperature - Clim cabine,0,1,7
520076205,Thermostat EAW 70°C - Rechauffeur,0,1,7
520076203,Flange + heating element 5REBHBU72001 - Rechauffeur,0,1,7
520076129,air differential pressure  switch - Clim cabine,2,1,7
520076126,circuit breaker of  heater - Clim cabine,1,1,7
520074983,systeme de commande hydraulique - Repose pied,1,1,7
520074185,Relais thermique LRD-076 - Clim 32,2,1,7
520074184,Bloque contacts auxiliaires LAD-N206 - Clim 32,0,1,7
520074172,Carte CAN I/O IF automate clim,1,1,7
520074157,PIN F 00170430292 - Clim 32,0,1,7
520074045,PIN FEMELLE 51511-16-26T12 - Clim 32,0,1,7
520074008,BASE M VBN3RM24-10PNT39-VO-M25F - Clim 12,0,1,7
520073945,Bouchon Metallique HP - Clim 32,0,1,7
520073926,Bobine de la vanne de liquide 72VDC 018F6985 - Clim 32,0,1,7
520073689,Capteur pression BP  DT100-945-0041 - Clim 32,1,1,7
81610445S,P/CONEC.MODULAR 24B 09140240313 - Clim 32,0,1,7
73000427S,Avertisseur à air comprime grave 370Hz,0,1,7
71320947,Contact Male CMK(ABCD) DMC S1545-0006B,0,1,7
520029867,Tresse de masse  section 95mm²  - Porte cab,0,1,7
520029465,Bouchon de codage ATESS - ATESS,0,1,7
520029366,Soufflet interieur,0,1,7
520028617,SPOILER GRIS AVANT,0,1,7
520026166,Carre de condamnation / debrayage - Comble lacune,0,1,7
520025883,Vantail gauche equipe - Porte acces voyageur,0,1,7
52452063-310,resistor 100ohm 5% 50w r4301/r4302,0,1,7
520123518,Manostat - Panto 1 5Kv,0,1,7
520115239,Tiroir STM autonome,0,1,7
520113860,FE1897-520-Panneau ABT2-3 VE2NV20-IDF,0,1,7
520025881,Mecanisme de porte equipe,0,1,7
520022285,Ensemble vidange  (V11),0,1,7
520019739,BUTEE PASSAGE EN COURBE EXTREMITE INTER COTE GAUCHE VE2N,0,1,7
5200112362,DURIT EPDM 9x14 L BATTERIE,0,1,7
41140144S,EMBOUT DE REMPLISSAGE BATTERIE,0,1,7
41101095S,CABLE CLAMP 09 00 000 5341 - Clim 32,0,1,7
3EST000299-9665,Drive Control Unit DCC 2580B,1,1,7
520059008,Bouton poussoir WC BP4 - Toilette LSS,1,1,7
520059005,Sèche-mains,0,1,7
520059004,Tube fluorescent - Toilette LSS,0,1,7
520058905,Mycalex isolateur M10-M10 H=50 pour barres de cuivre - Resist Frein,0,1,7
520058765,Carte CIP3,0,1,7
520058619,Bloc enfichable BRS2529,2,1,7
520058536,Bequille - Porte cabine,0,1,7
520058528,Barre anti-panique - Porte cabine,0,1,7
520058490,Condamnation equipee - Comble lacune,1,1,7
520058229,Motoventilateur d'air traite clim 32,0,1,7
520058102,SUPPORT DE SABLIERE VERSION INTERMEDIAIRE,0,1,7
520058059,Bloc contact auxiliaire temporise travail - EV,0,1,7
520058056,contactor of heater - Clim cabine,0,1,7
520057964,Fin de course FCV equipe - Porte voyageur,2,1,7
520057783,Cintre - siège cond,0,1,7
M3EST000210-3202_1,Montage Boitier de connection,1,1,7
TC520032000,Commutateur IP-TR,0,1,7
TC520036329,Module de regulation,0,1,7
TC520031991,Lecteur de badge pupitre,0,1,7
TC520058762,Carte DBL5,0,1,7
TC3EH-217389R0330,Convertisseur de tension DVL 1500,0,1,7
TC520032728,Afficheur lateral,0,1,7
TC520058618,Bloc enfichable ALEN34376,0,1,7
TC520058619,Bloc enfichable BRS2529,0,1,7
TC520038160,Ordinateur VCU-S,0,1,7
TC520033525,Module ventilation,0,1,7
TC3EST000230-6560,Contacteur moteur traction,0,1,7
TC520029466,Module GPS ATESS,0,1,7
520123450,Vantail Vx1N ONO,0,1,7
TC520033776,Module VACMA,0,1,7
TC520123325,Module_ARP recepteur AM,0,1,7
520053854,KIT CONNEC VBN3RSS05-16S-1PNT108-VO-M16F-G2/1,0,1,7
520053741,Capot inferieur equipe,0,1,7
520053378,Z(REL)KVB-DMI - Z(IS)TDB 902 251,0,1,7
KIT100153261,Kit montage frein à sabot semelle organique,0,1,7
KIT100155738,Kit montage amortisseur vertical primaire,0,1,7
KIT100156083,Kit montage amortisseur anti-lacet bogie extreme,0,1,7
KIT100158623,Kit montage amortisseur vertical secondaire bogie extreme,0,1,7
KIT520028615,Kit montage jupe avant basse droite,0,1,7
520057673,Pompe 72v,0,1,7
520057566,Support de siege - siège cond,0,1,7
520057545,PIN FEMELLE 09 67 000 3476 - Clim 32,0,1,7
520057497,Filtre admission d'air AF - Compresseur prin,0,1,7
520057478,Moteur Electrique UPAA,0,1,7
520057456,Contacteur LC1D-326BL S207 TESYS - Clim 32,0,1,7
520057401,Pressostat d'air traite TRIDELTA AP4085 - Clim 32,2,1,7
520057168,Disjoncteur 2 2 AMN3R-P39P38P39 - Clim 12,0,1,7
520056901,Carte CPU WSP T2,0,1,7
520056896,Carte CPU BCU T3,0,1,7
520056887,Detendeur grand debit coffre frein,1,1,7
520056881,ROBINET FLASQUABLE DN15 A CONTACT - Freinage,0,1,7
520056793,Bouton poussoir d'urgence conduc,1,1,7
KIT520034758,Kit montage platine HT pantographe,0,1,7
KIT520035919,Kit montage antenne AT-RST--GSMR-GPS,0,1,7
KIT520036480,Kit montage production d'air auxiliaire,0,1,7
KIT520042187,Kit montage amortisseur intercaisse,0,1,7
KITRACCBOGIE,Kit raccordement mécanique bogie BME(pls kits),0,1,7
520056713,vanne UC complete - Attelage,0,1,7
520056662,Equilibrage - Panto,0,1,7
520056659,Corne 1 5 kV- Panto,0,1,7
520056653,Butee bras superieur - Panto,0,1,7
520056650,Tuyau ESPA 8458040-000 - Panto,0,1,7
520056528,Boitier commande Pneumatique,0,1,7
520056320,Ruban d'etancheite  - Attelage,0,1,7
520055973,Housse complexee d'assise HDII - Strapontin,0,1,7
520039649,Z(SNU) - 902 214,0,1,7
520039648,Z(IS-CHG) / Z(IS-CVS/1/2-TT)A/L1/L2/L3/L4/L5/L6 - 902 240,0,1,7
520039644,Z(IS)KVB-DMI - 902 255,1,1,7
520039643,Z(IS-CVS/1/2-TT)M1/M2 - 902 232,0,1,7
520039536,Z(CO)CLM-C - 902 958,0,1,7
520039264,Reservoir 25 litres dia 250 n10_3300_305,0,1,7
520038776,Manipulateur de traction-freinage L800T265,1,1,7
520053249,CFKC-Kit connecteur CMC 32EA61-41S4 A91,0,1,7
520052402,Ensemble tolage inferieur droit,0,1,7
520045787,Servo-moteur volet clim cabine,1,1,7
520044533,STORE MOYEN,0,1,7
520042076,Z-FO - 902 223,0,1,7
520042074,BOUTON POUSSOIR ENSEMBLE COMPLET,0,1,7
520041823,BPL-J(AR) - 902 910 - 102,1,1,7
520041013,Table UFR,0,1,7
520040759,Tablette fixe derrière cabine,0,1,7
520040188,Kit parclose - Comble lacune,0,1,7
520039981,Voyant  P30 72VCC  IP67 Affleurant blanc,0,1,7
520039921,Panneau PCUa petit- UFR sans BP,0,1,7
520039789,BP(TEST-LIS)B/H - BP(OP-G) - 902 901 - 102,0,1,7
520039761,BPL-J(0) - 902 910 - 101,1,1,7
520039759,BPL  P30  1NO  Picto  Affleurant  Bleu,0,1,7
520039757,BOUTON POUSSOIR P30  2NO  IP67  Affleurant  Blanc,0,1,7
520039717,BOUTON POUSSOIR ENSEMBLE COMPLET,0,1,7
100157790,Pivot Bogie moteur extremite,0,1,7
100147656,Etrier de frein cote droit,0,1,7
100141903,Bogie moteur intermediaire Y427A,0,1,7
100101417,Amortisseur transversal,0,1,7
100001592,Banjo haute pression male BSPP - bogie,0,1,7
3EST000223-6586,Carte d'entrees/sorties TOR DTDX 771A - HV plate,0,1,7
3EST000218-0297,Relais de surintensite primaire - HV plate (B5302),0,1,7
3EST000216-1905,Connexion 3EST000216-1905 - HV plate,0,1,7
3EST000214-9825,IGBT 3300V 1500A,0,1,7
3EST000214-2155,Capteur de courant 4 poles,2,1,7
3EST000213-9264,BASE FEMELLE VBN3-32A-13SNT39-VO - Clim 32,0,1,7
3EST000210-3203,Connexion box Type 3,0,1,7
3EST000202-5485,Transformateur de tension 400/25V,0,1,7
156000320,Embout bati ep 30,0,1,7
100158624,Amortisseur vertical secondaire bogie j,0,1,7
520038169,Connecteur de terminaison ESD+ / Femelle - TCMS/TCN,0,1,7
520037918,CC-SI(AL) + CC(MTS)MTSA - JA1S-Y209-15(20-20),1,1,7
520037914,CC - AM1R-Y173-18(20-20),1,1,7
520037832,Relais 1019 Série D,0,1,7
520037782,Generateur de sons en cabine,0,1,7
520037383,Contacteur batterie - TC50/20443 - C1-C2BA-VE1N-VE2N,1,1,7
520037365,Contacteur plancher chauffant - LC1DT206BLS207,1,1,7
520037364,Contacteur de delestage prise exterieure 72V -,0,1,7
520036346,Sabliere droite,0,1,7
520036328,Unite production d'air principale,0,1,7
520035950,Combine radio GSMR en cabine de conduite,0,1,7
520035871,Repose pied equipe,0,1,7
520034916,DJ(SI-O)BA - JA1S-Y249-37(0.5-251),1,1,7
520034767,Coffre convertisseur M2A,0,1,7
520034124,Platine contacteurs - relais,0,1,7
520033816,Rack electronique BCU type 3,2,1,7
520033596,Serveur PIES,0,1,7
520032728,Afficheur lateral,1,1,7
520032477,Module camera SDQ,0,1,7
520032041,Module d'entrees/sorties MIO-DI3,1,1,7
520032033,Duplexeur bi-bandes,0,1,7
520032006,Ordinateur VCU-C (CCU-O CC),4,1,7
520031493,SUPPORT EQUIPE VALVE NIVELLEMENT,0,1,7
520031405,Ensemble seuil - Porte interc,0,1,7
520029915,IHM - combine PH,0,1,7
520038691,Accoudoir droit - siège cond,0,1,7
100320569,ENERGY CHAIN 303811,1,1,7
IPCNAT000007,GROUND TERMINAL SIZE 16B 09 00 000 5258 - Clim 32,0,1,7
IPCNAT002034,Relais F670S1-H4D-YVUV - Panneau relais,4,1,7
IPCNAT290004,Ventilateur evaporateur,0,1,7
520132754,Vanne ADD Panto v200 XL100912-0108,0,1,7
520060050,Actuateur pneumatique - Toilette LSS,0,1,7
520060027,Moto-ventilateur (avec condensateur) - Toilette LSS,0,1,7
520060023,Actuateur pneumatique P22 - Toilette LSS,0,1,7
520059583,Motoreducteur comble lacune,0,1,7
520059570,Moteur de ventil condenseur clim 32,1,1,7
520059371,Ensemble charnière droit - Porte cab,0,1,7
520059348,Joint feutre (contrepoids / chassis mobile) 72800078 - Porte cab,0,1,7
520059309,Rail de guidage  cote serrure - Porte cab,0,1,7
520059202,Vanne de remplissage H06  - Toilette LSU,0,1,7
520059189,Amortisseur LSU - Toilette LSU,0,1,7
520059187,Ensemble table à langer LSU - Toilette LSU,0,1,7
520059185,Plastron extereur LSU - Toilette LSU,0,1,7
520059149,Valve pneumatique  3 conduits H24 - Toilette,3,1,7
520059148,Filtre REG H27 - Toilette LSS,0,1,7
520059147,Reservoir Eau Grise H22 - Toilette LSS,0,1,7
520067993,COUPE CIRCUIT AM2R-Y128-34,1,1,7
520066370,MODULE VACMA INTEGREE,0,1,7
520065978,PANNEAU COLLE FT0011178-900 - Panneau frein 1,0,1,7
520060494,Kit de maintenance CI arrière - BSI,0,1,7
520060407,FE1897-400: Panneau ABT2-3 VE1NV11,0,1,7
520113850,FE1896-320: Panneau ABT1-4 VE1NV11-IDF,0,1,7
520113307,Cylindre gaz - Clim 32,0,1,7
520111548,Carte MVB_2,0,1,7
520110929,Raccord CODO R1/4 - Toilette(vanne de decharge),0,1,7
520109076,Tiroir_TDB_equipe_R2N_version_ZL_IDF,0,1,7
3EST000229-7362,BUSBAR INDUCTANCE DE LIGNE M2A,0,1,7
3EST000229-1849,IP-CS8-IP65 (remplace 3EST000214-3010),2,1,7
3EST000229-0923,Capteur de tension  1500VDC,1,1,7
3EST000228-6565,Pompe à huile,0,1,7
3EST000227-9782,Capteur tension de ligne - DC line voltage sensor,0,1,7
520105083,RELAI,0,1,7
520102628,ACCOUDOIR LATERAL G 38mm NCS S1000N,0,1,7
520097156,MEDIA FILTRANT CP300 VENTILATION BATTERIE,0,1,7
520095145,Conduite d'aspiration  - Compresseur prin,0,1,7
3EST000227-0205,Kit de materiel de platine HT - HV plate,0,1,7
3EST000227-0190,Panneau de relais de coffre HT CA - HV plate,0,1,7
3EST000227-0009,Capteur de courant 500/1000A,0,1,7
3EST000226-2635,Inductance de ligne d'amort. du LCM 250 uH,0,1,7
3EST000226-1541,Condens. bus serie 400 mF,0,1,7
3EST000225-4913,Line inductor M2A - remplacé par 3EST000228-8489,0,1,7
520094313,TUYAU EPDM 9x14x100 BATTERIE,0,1,7
520090032,Convertisseur 72/24 - clim cab,1,1,7
520089827,Ordinateur VCU-C 2Gb (CCU-C),0,1,7
520089383,DISTRIBUTEUR,1,1,7
520088644,Batterie 18MRX90 SAFT,0,1,7
3EST000225-4778,Serial Link Inductor M2A,0,1,7
3EST000225-2290,Ventilateur,1,1,7
3EST000225-2287,echangeur de chaleur - eau - Remplacé par 3EST000229-7657,0,1,7
3EST000224-8016,Unite d'indication lampe PHD - HV plate,0,1,7
3EST000224-3303,Comp. des modules L3M2 - L3M2,0,1,7
520084182,Softs TDB carte CPU7,0,1,7
520083703,Carte unite centrale,0,1,7
520083679,Abat son,0,1,7
520083571,IBU (FT0010090-511),0,1,7
52008289,KIT CONNECTEURS DBZ,0,1,7
520080995,Compresseur HVAC 12 kW,0,1,7
520079718,VITRE PORTE BAGAGE VE1N,0,1,7
520077085,Panier batterie equipe 38 cellules,0,1,7
520077022,Relais FDN670-H4W-WXUV - Panneau relais,3,1,7
520076904,Module Diode non montee - Panneau relais,0,1,7
520076347,Capot côte filtre - Compresseur prin,0,1,7
520076128,relay/72V - Clim cabine,0,1,7
520076127,relay/24V - Clim cabine,0,1,7
520075768,Kit connecteur CPP36M27-10P1L071 -CMCVSTTX21,0,1,7
520074688,Vantail porte acces cabine,0,1,7
520074189,Disjoncteur 35A AMN3R-P39P26P39 - Clim 32,0,1,7
520074007,PIN H   1 5 MM 0906.000.6472 - Clim 32,0,1,7
520073924,Bobine de la vanne de bypass 24VDC ±4%  14 W 018Z6964 - Clim 32,0,1,7
72002313S,Pedale VACMA,0,1,7
67990001S,SABLE HOLCHIM 0.2mm / 15KG,0,1,7
63002019S,"CLAPET ""BEC DE CANARD""",0,1,7
520029865,Ensemble Porte Gauche,0,1,7
520029864,Ensemble Porte Droite,0,1,7
520029336,Reservoir 25 litres dia 250 n10_3300_306,0,1,7
520029031,Receptacles equipes d'un plug CCT (Vierge)  - KVB,0,1,7
520029030,Tiroir STM autonome,0,1,7
520028818,Tuyau equipe E039974-0101- Panto,1,1,7
520026343,Platine de commande porte,1,1,7
520136113,ASSEMBLAGE DISTR. DE SAVON STD PP,0,1,7
520120508,ESTERNAL GASKET,0,1,7
520120502,Mécanisme de serrure droite/DOOR LOCK ASSEMBLY RIGHT,0,1,7
520120498,GASKET LATERAL SIDE FOR GLASS,0,1,7
520025813,Kit Battees - Porte voyageur,0,1,7
520023479,BAIE 1N IMPOSTE ISSUE DE SECOURS TYPE C,0,1,7
520023475,BAIE 1N ISSUE DE SECOURS TYPE A,0,1,7
520023026,Unite de climatisation passagers 32Kw,0,1,7
520022522,Sondes de temperature WC SMS 3V 681F10028 - Clim 32,0,1,7
520022464,Unite de climatisation passagers 12Kw,0,1,7
5200059777,Kit connecteur SubD9 M/25,0,1,7
3EST000299-9655,DRIVE CONTROL,0,1,7
3EST000299-9640,Drive Control Computer DCC 2584A,1,1,7
520059119,Automate toilette (LSS et LSU),1,1,7
520059003,Onduleur neons - Toilette LSS,0,1,7
520058987,Poignee exterieur porte LSS - Toilette LSS,0,1,7
520058907,Epoxy isolateur de soutien M8-M8 H=50 - Resist Frein,0,1,7
520058904,Epoxy isolateur de traversee M8-M8 - Resist Frein,0,1,7
520058902,Banc de resistances type  2 - Resist Frein,0,1,7
520058878,TIGE AMOVIBLE DE MANIP FREIN DE SECOURS,0,1,7
520058768,Ensembles interrupteur DCS - Porte interc,0,1,7
520058764,Carte SSE4,1,1,7
520058760,Carte ALM7,1,1,7
520058617,Bloc enfichable ELEN34378,2,1,7
520058566,Carte mere,0,1,7
520058532,Trappe centrale gauche - Porte cabine,0,1,7
520058522,Joint perimetre gomme porte G11011 Saira - Porte cabine,0,1,7
520058521,Charniere inferieure de porte - Porte cabine,0,1,7
520058520,Charniere superieure de porte - Porte cabine,0,1,7
520058510,Came equipee - Comble lacune,0,1,7
520058487,Fin de Course FC_COND - Comble lacune,1,1,7
520058457,Galet arrière equipe E155811-0101- Comble lacune,1,1,7
520058434,Vitre panneau fixe 84.7127.1201 - Porte interc,0,1,7
520058081,Trappe inferieure droite - Porte cabine,0,1,7
520058060,Element filtrant - Sablage,0,1,7
520058057,contactor of  Evaporator fan?H?/contactor of  fresh air fan - Clim cabine,0,1,7
520058008,Joint acoustique (milieu-droit) E156185-0002 - Porte voyageur,0,1,7
520058006,Joint acoustique (bas-gauche et droit) E156185-0001 - Porte voyageur,0,1,7
520058003,Voyant Porte barree - Porte voyageur,3,1,7
520057935,Barre de verrouillage equipee - Porte voyageur,0,1,7
520057932,Fourche equipee (superieure) - Porte voyageur,0,1,7
520057788,Coque de protection droite - siège cond,0,1,7
A1007923,Control Unit / Automate / CJTO AUTOMATA,0,1,7
TC100416218,Station de base porte V3,0,1,7
TC520058760,Carte ALM7,0,1,7
TCIPCNAT280002,Module K7EN3,0,1,7
TC3EST000229-1849,IP-CS8-IP65 (remplace 3EST000214-3010),0,1,7
TC520031999,Commutateur IP-TS,0,1,7
TC520033814,Rack electronique BCU type 1,0,1,7
520049293,FE1898-100: Panneau ABTH  VI2NV14,0,1,7
TC520032035,Clavier centralp,0,1,7
TC520074171,Carte MCMF automate clim,0,1,7
TC3EST000299-9665,Drive Control Unit DCC 2580B,0,1,7
TC520029914,Microphone col de cygne,0,1,7
TC3EGM039900R0002,Module LIM 12CS09D-V0001,0,1,7
TC3EST000226-3547,Capteur de courant  250/1000A,0,1,7
KIT100153262,Kit montage frein à sabot semelle organique,0,1,7
KIT100168426,Kit montage frein electromagnetique,0,1,7
KIT520025813,Kit montage battées porte acces,0,1,7
KIT520028617,Kit montage spoiler droit,0,1,7
520057670,Detecteur de niveau bas - EV,1,1,7
520057633,Arbre flex - EV - Remplacé par 520099255,0,1,7
520057567,Soufflet avec clips - siège cond,0,1,7
520057561,MANOSTAT TYPE F92B 784 605 67 08 - Compresseur prin,2,1,7
520057532,Connecteur M12L D-coded,0,1,7
520057530,Moto-compresseur - Compresseur prin,0,1,7
520057520,Electro-valve 1/321011 - Compresseur prin,0,1,7
520057471,Sub. ensemble filtre de melange - Clim 12,0,1,7
520057452,Disjoncteur 10A AMN4R-P39P38P38P39 - Clim 32,0,1,7
520057450,Disjoncteur 1 6A AMN3R-P39P38P39 - Clim 12,1,1,7
520057408,Carte CAN I/O automate clim,0,1,7
KIT520033791,Kit montage panneau de frein,0,1,7
KIT520033807,Kit montage bloc panneau frein,0,1,7
520056885,Manostat type F92B (D),0,1,7
520056880,IBU (non configuré),0,1,7
KIT520076515,Kit montage coffe DJ,0,1,7
KIT520088625,Kit montage panier batteries 18 cellules,0,1,7
M520057551_1,Unite traitement de l'air,0,1,7
520056765,Robinet d'isolement à tournant PN10 DN7 - Freinage,0,1,7
520056761,Manostat type F92B (URG) CP,1,1,7
520056669,Filtre - Panto,0,1,7
520056668,filtre d'air - Panto,0,1,7
520056664,Amortisseur 1 5 kV - Panto,0,1,7
520056638,Archet 25kV,0,1,7
520056604,Joint 150130 - Attelage,0,1,7
520056588,Carte RL44_1,0,1,7
520056518,Broche femelle Ethernet  1038036- Attelage,0,1,7
520056517,Broche mâle Ethernet  1038035 - Attelage,0,1,7
520056506,etancheite 1031225-510 - Attelage,0,1,7
520056317,Joint 1036871 - Attelage,0,1,7
520039537,Z-EGL-LGL - 902 978,1,1,7
520039535,Z-LP - 902 984,0,1,7
520039532,Z(SE)RV - 902 963,0,1,7
520039307,Z(MOD)PC1/2 - 902 977,1,1,7
520038800,Bloc enfichable emission traction freinage voie 1,0,1,7
520053375,Z(IS-I)CVS1/2-TT(VE1NV20) - Z(IS-I)CVS-TT(VE2NV20) - 902 253,0,1,7
520053263,Kit connecteur CPP36M27-10P1L071,0,1,7
520052404,Ensemble tolage inf gauche,0,1,7
520052092,PANNEAU EN ALUMINIUM (module cloison escalier),0,1,7
520050833,Bornier BNRCLMVY2 VI2NV18,0,1,7
520050098,BORNIER BNRCLMVY 8450 Ohms,0,1,7
520049230,POTENTIOMETRE,1,1,7
520046858,Boitier bouton SOS deporte,0,1,7
520045411,EMBASE DEUTSCH 4 POINTS,0,1,7
520045272,Enjoliveur porte boite à déchets,0,1,7
520043529,CAISSE AGRES,0,1,7
520043156,Tablette rabattable derriere cabine,0,1,7
520042689,Manometre MA-CP et MA-CG,1,1,7
520042261,Voyant extérieur portes  VY(PO-SAI),5,1,7
520042077,Z(IS)EMCO - 902 236,1,1,7
520041900,Z(IS)BCL-AU - 902 221,0,1,7
520041824,BPL-J(AV) - 902 910 - 103,1,1,7
520041450,Batterie de la Banque-02 (18 KRH 90),0,1,7
520039948,KIT CONNECTEUR CPP36M27-10P1L071,0,1,7
520039760,BPL(URG)PT(DE) - 902 908,1,1,7
520039750,BOUTON POUSSOIR ACC P30  1NO Affleurant Blanc Picto,0,1,7
520039713,BOUTON POUSSOIR COUP DE POING,0,1,7
520039654,Z(SE)BDG - 902 966,0,1,7
100158004,BASE H VBN3-22-14SNT39-VO - Clim 32,0,1,7
100153324,Bogie porteur Y426E,0,1,7
100152772,Ressorts helicoidaux groupe 429A,0,1,7
100147666,SEMELLE FREIN ORGANIQUE SANS PENTE (v160),0,1,7
100147662,Semelle frein fonte (ne plus utiliser),0,1,7
100141922,Bogie porteur 426A,0,1,7
3EST000216-1904,Lame - HV plate,0,1,7
3EST000214-2312,Resistance de charge 15 Ohm - L3M2,0,1,7
25292033-111,Collier systeme cooling M2A L3M2,0,1,7
100242662,Etrier de frein cote droit,0,1,7
100217351,Garniture de frein Becorit,0,1,7
100215339,Raidisseur Anti-ballast,0,1,7
100178126,Miniature Circuit Breaker 3P/6 5A/400VAC/LTD/6kA,1,1,7
100167936,Capteur AE simple long. 1815 mm,0,1,7
100167923,Capteur AE simple equipe Lg 1815mm,0,1,7
100161327,Contacteur principal 30-10 17A 400VAC 72VDC ABB,0,1,7
100158625,Amortisseur transversal,0,1,7
520038171,Connecteur de terminaison EMD / Femelle - TCMS/TCN,0,1,7
520037780,MCG 3G,2,1,7
520037369,Contacteur - LP1D800046SWS207,1,1,7
520037218,Contacteur - LC1D126SLS207,1,1,7
520037217,Contacteur - LC1D096SLS207,1,1,7
520036943,HARDKEY (C2&M) - Cpt NRJ,0,1,7
520036345,Sabliere gauche,0,1,7
520036329,Module de regulation,1,1,7
520035243,DJ(CLM-VY)12KW - AM4R-Y43-6(35-251),1,1,7
520035241,DJ 400(CVS / CLM) - DJ(CLM-C) AM3R-Y88-36(20-10),1,1,7
520034977,DJ(SI-O)N - JA1S-Y249-36(0.04-251),0,1,7
520034768,Boite à cles Z,0,1,7
520034758,Platine HT,0,1,7
520033800,Coffre de frein bogie inter (FT0011193-158),0,1,7
520032870,Cassette avec disque dur,0,1,7
520032868,Ensemble bulle retrovision 3.6mm,3,1,7
520032727,Afficheur interieur,2,1,7
520032035,Clavier centralp,0,1,7
520032034,Convertisseur DC/DC IHM,0,1,7
520032030,MCG-C,1,1,7
520031133,Reservoir 57 litres dia 300 n10_3299_255,0,1,7
520030228,Kit de connexion + câble antenne GPS - ATESS,0,1,7
520029914,Microphone col de cygne,1,1,7
520029899,Haut-parleur interieur Large - LILS - VCS,1,1,7
520038529,CABLE PROFIBUS2,0,1,7
520161005,Vanne ADD Panto DC XL100912-0107,0,1,7
520060053,Carte de contrôle - Toilette LSS,0,1,7
520060045,Kit Patins d'usure 02 - Soufflet,0,1,7
520060025,Actuateur pneumatique P23 - Toilette LSS,0,1,7
520059562,Carte alimentation,1,1,7
520059308,Cable de poulie - Porte cab,0,1,7
520059291,Habillage interieur de porte droite - Porte cab,0,1,7
520059177,Courroie LSU - Toilette LSU,0,1,7
520059159,Vanne pneumatique aeration H40 - Toilette LSS,0,1,7
520059157,Vanne d'alimentation manuelle H04 - Toilette LSS,0,1,7
520059150,Clapet anti-retour H29 - Toilette LSS,0,1,7
520059144,Relais 24 Vdc Q2 - Toilette LSS,0,1,7
520072141,RECHAUFFEUR STATIQUE COURT DROIT 500 W,0,1,7
520071507,DJ-CPR2,0,1,7
520067834,Panneau équipé,0,1,7
520066034,MANOMETRE MEX3 - Freinage,0,1,7
520065993,PANNEAU COLLE FT0010422-900 - Freinage,0,1,7
520065992,Robinet à pointeau 404 419 00 08 - Freinage,0,1,7
520065823,Soupape de securite (protection compress,0,1,7
520060963,ACCOUDOIR CENTRAL 38mm NCS S1000N,0,1,7
520060955,PORTE BALAI EQUIPE,0,1,7
520113856,FE1896-720: Panneau ABT1-3 VE2NV20-IDF,0,1,7
520110095,Bandes carbone panto 1 5Kv V200,0,1,7
520109455,BUTEE PORTE ACCES CABINE (ancien 520064009),2,1,7
520109406,tuyauterie d’éjecteur (bleue),0,1,7
520109167,Volet d’air repris,0,1,7
3EST000229-0931,BUSBAR INDUCTANCE DE LIGNE M2A,0,1,7
3EST000228-6697,KIT REPARATION MS PIPE L3M2,0,1,7
3EST000227-4778,Serial Link Inductor L3M2,0,1,7
520106313,Panneaux collecteur Camlock rétention type 1 LSU,0,1,7
520094973,Contacteur ABB   AF12ZB-30-10RT22,0,1,7
3EST000226-7178,Filter inductor 0.306 uH-M2A,0,1,7
3EST000225-4906,Surge inductor 110 uH - HV plate,0,1,7
520094312,Capteur de temperature PT100 Saft,1,1,7
520090153,relais/72 V F370-H4W-WW(DC72V),0,1,7
520090137,Assemb liseuse pour appui tete gauche,0,1,7
3EST000225-4376,Connexion box type 4,1,1,7
3EST000225-3832,Câble d'alim. harnais PHD L3M2 MS,0,1,7
3EST000225-2732,Capteur de tension 1500VDC,0,1,7
3EST000224-3702,Contact auxiliaire - HV plate,0,1,7
3EST000224-3276,RELAIS COS PHI,1,1,7
520084178,Baseline propulsion,0,1,7
520084177,Soft ADCU (prod air principale),0,1,7
520084164,Soft Applicatif C2M module,0,1,7
520083572,IBU (FT0010090-505) VI,0,1,7
520080181,Condenseur,0,1,7
520077027,Palier lateral droit - Strapontin,0,1,7
520077025,Cache embase F4XX - Panneau relais,0,1,7
520076878,Module d'entrees/sorties MIO-S-DXH3,1,1,7
520076204,Thermostat EAW 60°C - Rechauffeur,0,1,7
520075906,rechauffeur + bride / 5REBHBR76001 - Rechauffeur,0,1,7
520075894,rechauffeur - Clim cabine,0,1,7
520075668,Temperature thermostat for 100°C,1,1,7
520074741,CC  2P  10A/30mA  230VAC,0,1,7
520074183,Bloque contacts auxiliaires LAD-N026 - Clim 32,0,1,7
520074155,MODULE F SIMEF0816SA / 32641B10119 - Clim 32,0,1,7
520074153,MODULE F SIMEF0816SB / 32641B10120 - Clim 32,0,1,7
520074150,PIN MALE 51513-8-38T12 - Clim 12,0,1,7
520126455,Controleur reservation de siege,0,1,7
520074004,HOOD M32 19 30 010 0527 - Clim 32,0,1,7
520073948,Sonde temperature tuyau SMS 3V 681F10030 - Clim 32,0,1,7
520073946,Bouchon Metallique BP - Clim 32,0,1,7
520073943,Grille pare-goutte - Clim 32,0,1,7
520073942,Bec de Canard - Clim 32,0,1,7
520073929,Pressostat BP N/O,0,1,7
520073688,Capteur pression HP  DT100-945-0012 - Clim 32,3,1,7
770027001S,CLE DE MANOEUVRE ISOLEMENT FREIN DE SERVICE,2,1,7
71320768,Contact Male CMK(CD) DMC S1545-0007D,0,1,7
520029502,Passerelle assymetrique flexible - Soufflet,0,1,7
520029464,Tiroir ATESS complet phase 1,0,1,7
520026168,Carre de berne forcage CL UFR - Comble lacune,0,1,7
520129975,Carte DFR4,0,1,7
520124799,Commutateur IP-TR Redfox2,0,1,7
520120511,ESTERNAL GASKET FOR GLASS,0,1,7
520120499,JOINT DE CONTREPOIDS,0,1,7
520120492,ELECTROMAGNET (OCLAP),0,1,7
520118262,Serrure et gache equipee cdc,1,1,7
520118206,Joint de porte DB4888,0,1,7
520115330,Console DMI,0,1,7
520113863,FE1899-120: Panneau PLTR VI1NV15-IDF,0,1,7
520022290,Ens.toilette LSS,0,1,7
520022287,indicateur de niveau exterieur,0,1,7
520013578,CC(PO) + CC(DIST-ECL) - JA1S-Y209-20(16-20),0,1,7
5200102625,Clip maintien dossier Gauche,0,1,7
5200102623,PIED PEINT SIEGE STD NCS S 5000 N PHD,0,1,7
520059110,Electrovanne pneumatique P02 - Toilette LSS,0,1,7
520059007,Electrovanne Robinet R004103 / H30 - Toilette LSS REF,1,1,7
520058983,Capteur porte fermee CA3 - Toilette LSU/LSS,0,1,7
520058981,Plastron exterieur LSS - Toilette LSS,0,1,7
520058903,Epoxy isolateur de soutien M12-M12 H=50 - Resist Frein,0,1,7
520058780,Bras d'entrainement primaire (interieur droite) - Porte interc,0,1,7
520058767,Ensembles interrupteur DOS  - Porte interc,1,1,7
520058591,Carte emission TF2,0,1,7
520058569,Carte input output emission TF1,0,1,7
520058563,Transformateur de tension - Clim cabine,0,1,7
520058526,Poignee Saira 1101-04-1011- Porte cabine,1,1,7
520058481,Motorisation equipee - Comble lacune,0,1,7
520058445,BASE M 4 CONTACTS SMS4R3 - Clim 32,0,1,7
520058257,Poignee equipee - Comble lacune,0,1,7
520058061,Buse de sablage - Sablage,0,1,7
520058002,Joint avant Male E156316-0001 - Porte voyageur,0,1,7
520057982,Pene de condamnation equipe - Porte voyageur,1,1,7
520057933,Support galet equipe - Porte voyageur,0,1,7
520057731,PCU 100,0,1,7
520034099,Tiroir TDB,0,1,7
TC520074172,Carte CAN I/O IF automate clim,0,1,7
TC100382581,Essui-vitres equipe,0,1,7
TC520032868,Ensemble bulle retrovision 3.6mm,0,1,7
TC520059119,Automate LSS,0,1,7
520035338,GRAISSEUR DE BOUDINS,0,1,7
TC520058612,Bloc enfichable CJRU34386,0,1,7
TC520038800,Bloc enfichable emission traction freinage voie 1,0,1,7
TC520032003,IHM 410,0,1,7
TC520074173,Carte MCM automate clim,0,1,7
TC520059539,Module  puissance primaire,0,1,7
520055121,KIT CONNECTEUR CMC 32 M 04-07 SNG A91,0,1,7
KIT520024007,Kit montage attelage automatique,0,1,7
KIT520025881,Kit montage mecanisme commande porte acces,0,1,7
KIT520025882,Kit montage vantail droit porte acces,0,1,7
KIT520025883,Kit montage vantail gauche porte acces,0,1,7
520057560,SOUPAPE DE SECURITE E1 type 80 - Compresseur prin,1,1,7
520057551,Secheur d'air compresseur principal,0,1,7
520057518,Clapet anti-retour - Compresseur aux,0,1,7
520057451,Disjoncteur 23A AMN3R-P39P26P39 - Clim 12,0,1,7
520057441,Rechauffeur clim 12,0,1,7
520057028,Carte CPU WSP T1,0,1,7
520056884,Filtre-clapet type DN12 - Freinage,0,1,7
KIT520033808,Kit montage bloc panneau de frein,0,1,7
KIT520034759,Kit montage transformateur principal T6A,0,1,7
KIT520034764,Kit montage resistance de freinage,0,1,7
KIT520036328,Kit montage production d'air principale,0,1,7
KIT520088624,Kit montage panier batteries 38 cellules,0,1,7
520056737,Connexions souples 25kV - Panto,0,1,7
520056723,KIT BTF HAN-M-24B-EEE-65/6  CM8ABT2,0,1,7
520056698,element chauffant 1038311 - Attelage,0,1,7
520056663,Elingue - Panto,0,1,7
520056657,Archet equipe 1.5 Kv,0,1,7
520056652,Raccord UFAC - Panto,0,1,7
520056514,Broche femelle Au 4 mm  1009090 - Attelage,0,1,7
520039569,Z(IS)URG-BA - 902 229,0,1,7
520039565,Z(IS)VIT - 902 238,0,1,7
520039366,PIN M 09 67 000 8576 - Clim 12,0,1,7
520038728,Luminaire de cabine 72V DC - Plafond,0,1,7
520053261,CFKA-Kit connecteur CMC 32EA61-41SA A91,0,1,7
520050757,Generateur de son plateforme,2,1,7
520049743,Kit connecteur CBC 121 12 20--K,0,1,7
520048659,CABS : 300 mm Cable Link Cards LDD,0,1,7
520044657,CAPOT AFFICHEUR,0,1,7
520043356,rechauffeur VE2N 1400W 230V - Rechauffeur,0,1,7
520043347,Rechauffeur 1500W RICA - Rechauffeur,0,1,7
520041911,BORNIER BNRCLMVY 1620 Ohms,9,1,7
520041828,Commutateur C22 - 902 243,0,1,7
520041825,Z(IH-UFR) / Z(IH-POHQ) - 902 216,0,1,7
520039984,LS(SF) -,0,1,7
520039794,BP(DVR-N)ETCS - 902 913,1,1,7
520039781,BP1(CO-FP-DO/GA) - Remplacé par 520094809 (BP1) et 520094806 (BP2,0,1,7
520039762,BPL1(AUT-OP-DO/GA)(pup) - 902 904,1,1,7
520039756,BOUTON POUSSOIR LUMINEUX,0,1,7
520039712,BP-VA - 902 903,1,1,7
100157719,NOIX D ENTRAINEMENT,0,1,7
100153330,Bogie porteur Y426C,0,1,7
100153322,Bogie porteur Y426D,0,1,7
100153320,Bogie porteur Y426B,0,1,7
100147664,Patin magnetique bogie extremite,0,1,7
100142812,Chape,0,1,7
3EST000223-1474,IGBT 3300V 1500A Hitachi,0,1,7
3EST000222-0780,Module convertisseur ACM (voir la ref 3est000222-0770),0,1,7
3EST000222-0770,Module convertisseur aux ACM,0,1,7
3EST000215-2905,Fusible 3.15 A  2005 VDC - L3M2,4,1,7
3EST000214-4355/L3M2,Contacteur 3000 V 50 A-LTCH00601-A02 Q08-2305,0,1,7
3EST000213-8544,Safety lock cover,0,1,7
3EST000210-3202,Connexion box type 2,1,1,7
3EST000210-1382,Joint torique 3EST000210-1382 - HV plate,0,1,7
3EDJ000000-9504,Reducteur et demi accouplement,0,1,7
174005680,PALIER TABLETTE NCS S 1000N,0,1,7
171001320,FIL DE MASSE M6-M6 COURT,0,1,7
142002610,ENTRETOISE DIAM 7INT 12EXT LG 13.5,0,1,7
100407236,Disjoncteur DJ1(400)CVS-TT,0,1,7
100382581,Essui-vitres equipe SWSP704040,1,1,7
100281581,Patin magnetique bogie extremite,0,1,7
100241577,Patin magnetique bogie extremite,0,1,7
100206864,Chasse-pierre gauche,0,1,7
100184555,Coussin pneumatique bogie Jacob,0,1,7
100168380,Capteur ATESS R2N Lg 2550mm,0,1,7
100164973,VALVE NIVELLEMENT,0,1,7
520038166,Passerelle MVB/WTB (TCN-GW-S),1,1,7
520038165,Cle de Configuration MIO-S - TCMS/TCN,0,1,7
520038161,Fiche de configuration USB TCMS / et TCN - TCMS/TCN,1,1,7
520038160,Ordinateur VCU-S,1,1,7
520037834,Relais RM17TG20,0,1,7
520035284,CC(PRE/PER°72) - AM1R-Y173-32(80-20),1,1,7
520035130,PETIT STORE,0,1,7
520035120,DJ(DET400) - AM3R-Y105-2(3-20),1,1,7
520035068,DJ(RECA-WC) - AM2R-Y128-18(5-20/p),0,1,7
520035034,DJ(SI) - JA1S-Y249-35 (remplacé par 520096734),0,1,7
520034780,Parafoudre CC (ne plus utiliser remplacé par 520088104),0,1,7
520034769,Sectionneur de terre CC,0,1,7
520034765,Coffre convertisseur L3M2 Section filtre,0,1,7
520034762,Reducteur et demi accouplement,0,1,7
520034759,TRANSFORMATEUR PRINCIPAL,0,1,7
520033810,Coffre de frein bogie inter (FT0011193-166),0,1,7
520032476,Module controleur SDQ 2P,1,1,7
520032008,Ordinateur VCU-C (CCU-O GDI),2,1,7
520032001,Commutateur IP-RS8 - TCMS/TCN,0,1,7
520031859,Unite centrale,1,1,7
520031138,Reservoir 25 litres dia 300 n10_3299_256,0,1,7
520029916,Panneau prise audio externe,0,1,7
520029897,Panneau d'appel à l'aide UFR PCUa,0,1,7
INCONNU,A utiliser pour commande référence inconnue,18,1,7
IPCNAT002024,Relais F670S1-H4W-WVUV - Panneau relais,3,1,7
IPCNAT002033,Temporisateur THLAO-72H4-YWY- Panneau relais,2,1,7
IPCNAT002053,Temporisateur THLC-72H4-WWZ- Panneau relais,1,1,7
520060029,Resistance - Toilette LSS,0,1,7
520059773,Kit connecteur SubD9 F/12,0,1,7
520059579,Joint peripherique gauche E156287-0102- Porte voyageur,0,1,7
520059534,Module puissance secondaire,0,1,7
520059533,Carte switch,0,1,7
520059370,Poignee fixe S&S 38950000 - Porte cab,0,1,7
520059364,Canon de Serrure DENY SEC - Porte cab,0,1,7
520059346,Complexe verrier equipe - Porte cab,0,1,7
520059343,Joint de cadre exterieur de fenêtre 72810040 - Porte cab,0,1,7
520059340,Vantail porte ext gauche,0,1,7
520059293,Kit Renovation ejecteur - Sablage,0,1,7
520059184,Carre de berne exterieur deverrouillage mecanique LSU - Toilette LSU,0,1,7
520059172,H.15-Filtre anti-odeur - Toilette LSS,1,1,7
520059170,Filtre REC H05 - Toilette LSS,0,1,7
520059151,Capteur de niveau EG CA6 - Toilette LSS,0,1,7
520059143,Relais 72 Vdc Q1/Q3 - Toilette LSS,0,1,7
520073684,Motoventilateur extraction unite simple,0,1,7
520072030,Connecteur M12L D-coded coudé,0,1,7
520069801,KIT CONNECTEUR,0,1,7
520066661,Electrovalve avec chauffage FT0023418-101 - Compresseur aux,0,1,7
520066371,Motoventilateur condenseur,0,1,7
520066035,ROBINET FT0011282-000 - Freinage,0,1,7
520065997,PANNEAU COLLE VE FT0010247-900 - Freinage,0,1,7
520065991,PANNEAU COLLE FT0011375-900 - Panneau frein 2,0,1,7
520065858,contacteur masu km1,0,1,7
520065856,Carte Alimentation ADCU,0,1,7
520065601,BUTEES PASSAGE EN COURBE EXTREMITE INTER COTE DROIT VE1N,0,1,7
520064973,Film decoratif  - Porte interc,0,1,7
520064010,Butée de porte gauche accès cabine,0,1,7
520060495,Kit de maintenance module lumineux - BSI,0,1,7
520060491,Kit de maintenance platine vitre - Indicateur frein,0,1,7
DTR100021485,PASSE SANGLE NOIR,85,1,7
520113851,FE1897-020: Panneau ABT2-1 VE1NV11-IDF,0,1,7
520113295,BP MAFELEC 902920 (A-AUT-OP) IDF,0,1,7
520110145,Butée aimantée équipée (côté salle),0,1,7
520110142,Seuil équipé,0,1,7
520109405,Joint avant male 159495.0001 - Porte voyageur,0,1,7
3EST000231-8370,DURITE M2A,0,1,7
3EST000230-6560,Contacteur moteur traction,1,1,7
3EST000228-8489,Line inductor M2A,0,1,7
3EST000227-5115,Transformateur de courant triphase,0,1,7
3EST000227-0823,BUSBAR INDUCTANCE DE LIGNE M2A,0,1,7
3EST000227-0590,Panneau relais L3M2 PCB,0,1,7
520102627,POIGNEE DROIT APPUI TETE NCS S 1000N B=45%,0,1,7
520098559,SIPHON / PUISARD,0,1,7
520096734,DJ-SI  1P  0 1A  72VCC  2 RT ja1s-y249-41 01-10,0,1,7
520096448,adaptateur RJ45/M12,0,1,7
520096445,Tiroir STM AUTO équipé,0,1,7
520094970,Contacteur ABB   AF09ZB-30-10RT22,0,1,7
3EST000227-0201,Joint - HV plate,0,1,7
3EST000226-6200,Raccord droit - HV plate,0,1,7
3EST000226-3382,Serrure A+1C - HV plate,0,1,7
3EST000226-2636,Filtre Second harmonique in 0.312 uH,0,1,7
3EST000226-1471,Carte de coffre HT CA - HV plate,0,1,7
3EST000225-7770,Relai surveillance n° B3303 /B3201- L3M2,1,1,7
3EST000225-4999,Dispositif d'inter-verrou Pantographe CA,0,1,7
520090262,ENSEMBLE EQUIPE DVR (565190),0,1,7
520090138,CONVERTISSEUR SIEGE PASSAGER,1,1,7
520088625,Contenair batteries equipe 18 cellules SAFT,0,1,7
520088624,Contenair batteries equipe 38 cellules SAFT,0,1,7
3EST000225-4360,Resistance de la liaison serie - L3M2,0,1,7
3EST000225-2731,Capteur de courant,2,1,7
3EST000225-2409,Inductance de ligne d'amort. du MCM 100uH 223A,0,1,7
3EST000224-9114,2eme harmon. condensateur 4.06mF,0,1,7
3EST000224-9012,Inducteur filtre 0.306 mH-L3M2,0,1,7
520085159,KIT CONNECTEUR CMCVSTTX70 : CVSTT L3M2,0,1,7
3EST000223-9038,Capteur 1500VDC-ref-obsolète ne plus utiliser,0,1,7
520084168,Soft lect badge unite centrale,0,1,7
520084160,Soft DVR,0,1,7
520077086,Panier batterie equipe 18 cellules,0,1,7
520076903,Module Diode SKA3/17 - Panneau relais,0,1,7
520076799,Distributor 1102-01-9503 - Plafond interc,0,1,7
520076340,coil of solenoid valve - Clim cabine,1,1,7
520076302,CABLE COMPTEUR D ENERGIE AT (CT-W/GPS),0,1,7
520076207,contactor of  compressor - Clim cabine,1,1,7
520076124,circuit breaker of  condenser  fan - Clim cabine,2,1,7
520075956,Thermostat EAW 24V DC 60°C - Rechauffeur,0,1,7
520075951,Thermostat EAW 230V AC 90°C - Rechauffeur,0,1,7
520074853,DJ(RECA1-G-CPT4),0,1,7
520074733,Butee pasager - Porte Int Accès Cabine,0,1,7
520074691,Panneau Gauche,0,1,7
520074201,Kit connecteur SIMMF1220SN/2,0,1,7
520074192,Adaptateur courant 10mA - Clim 32,1,1,7
520074190,Disjoncteur 6A AMN3R-P39P38P39 - Clim 32,0,1,7
520074188,Disjoncteur 55A AMN3R-P39P26P39 - Clim 32,0,1,7
520074187,Disjoncteur 15A AMN4R-P39P26P38P39 - Clim 32,0,1,7
520074044,BASE F VBN3RSS12-28-21SNT108-VO-M32F-G2 - Clim 12,0,1,7
520074042,BASE M VBN2-20-15PNT39-VO - Clim 32,0,1,7
520074040,BASE MALE VBN3RSS04-16S-1PNT108-VO-MGS02 - Clim 12,0,1,7
520074003,BASE HAN M 10B Ref.0930.010.0301 - Clim 32,0,1,7
520074002,HOOD SIDE ENTRY M32 SIZE 16B 19 30 016 0527 - Clim 12,0,1,7
520073960,CONECTEUR F48 H 0906248.3201 - Clim 32,0,1,7
520073944,Grille pare-goutte - Clim 12,0,1,7
520073941,Plots  Type BRB 50 (40SH) AMC. REF.135451 - Clim 12,0,1,7
520073927,Thermostat EM-20 150-300º - Clim 32,0,1,7
520073923,Thermostat TB 32.2 50-320Aº - Clim 32,1,1,7
520073921,Servomoteur volet air neuf NM24A-MP-F12/1 - Clim 32,1,1,7
520073685,Media filtrant - Clim 32,0,1,7
81600718S,Resistance de mise à la masse batterie -,1,1,7
81000857S,RELAIS QI-FEM,0,1,7
72620420S,Convertisseur 72V 72V,1,1,7
71320769,Contact QUADRAX CMK(ABCD) DMC S205444,0,1,7
520029891,Gouttière VE1N porte droite - Porte cab,0,1,7
520029008,CABLE PROFIBUS 1,0,1,7
520028526,temperature sensor K68O00001 - Clim cabine,1,1,7
54110064S,BUTEE LONGITUDINALE,0,1,7
52105528,RELAI F670-H4A-UUUV,0,1,7
520129974,Carte CPU8,0,1,7
520120496,poignée de fenetre cabine / handle assembly,0,1,7
520120495,COMPLEXE VERRIER EQUIPE,0,1,7
520118267,Cable alimentation serrure,0,1,7
520118266,Gache equipee Denyfontaine,0,1,7
520118261,Butee,0,1,7
520113864,FE1899-220: Panneau PLTR VI1NV17-IDF,0,1,7
520025819,BP lumineux rouge - Porte voyageur,1,1,7
520023483,BAIE 2N IMPOSTE TYPE H,0,1,7
520023027,Capteur de CO2 T3030 - Clim 32,0,1,7
520059006,ROBINET H31 - Toilette LSS,0,1,7
520058988,Poignee interieur porte LSS - Toilette LSS,0,1,7
520058978,Kit mecanisme LSU,0,1,7
520058900,Module banc de resistances - Resist Frein,0,1,7
520058731,Bloc enfichable VAC2515,0,1,7
520058618,Bloc enfichable ALEN34376,1,1,7
520058593,Carte reseau,0,1,7
520058511,Plancher assemble - Comble lacune,0,1,7
520058484,FC-IS - Comble lacune,1,1,7
520058433,Ensemble grille - Porte interc,0,1,7
520058432,Ensemble vitre - Porte interc,0,1,7
520058055,Contacteur TESYS S 38A 72V - EV,3,1,7
520057989,Trappe superieure droite - Porte cabine,0,1,7
520057976,Bielle reglable equipee - Porte voyageur,0,1,7
520057965,Bielle motrice equipee - Porte voyageur,0,1,7
520057963,Kit Ressort E156169-0101- Porte voyageur,0,1,7
520057938,Butee ouverture equipee - Porte voyageur,0,1,7
520057934,Fourche equipee (inferieure) - Porte voyageur,0,1,7
520057732,Capteurs IRS 320,0,1,7
520035413,FLEXIBLE TYPE SPI 06,3,1,7
TC520056398,IP-RS12 Viper,0,1,7
TC3EST000227-0590,Panneau relais L3M2 PCB,0,1,7
TC520094482,Motoventilateur Condenseur clim 32,0,1,7
217134,Pompe a huile,0,1,7
TC520042689,Manometre MA-CP et MA-CG,0,1,7
TC520080994,Automate clim,0,1,7
TC520107450,Ecran PIES IDF,0,1,7
TC520073922,Rechauffeur clim 32,0,1,7
520145399,OPEN LOCK SWITCH,1,1,7
520052152,EQUIPPED HOUSING DISPLAY,0,1,7
TC520029896,Panneau d alarme passager PCUe - SAI,0,1,7
TC520033815,Rack electronique BCU type 2,0,1,7
TC520038803,Bloc enfichable reseau,0,1,7
TC3EST000227-0335,Relay Panel -U1 M2A PCB,0,1,7
TC3EST000211-8565,Carte d  allumage DYTP 151B (GDU),0,1,7
TC3EST000225-4907,Voltage detector,0,1,7
TC520033526,Module chargeur de batterie,0,1,7
TC520059009,Cuvette H08,0,1,7
TC520076878,Module d entrees/sorties MIO-S-DXH3,0,1,7
301360030,CVS 80W - ONO,0,1,7
520053964,Kit connecteur VBNG6RSS05-16S-1SNT108-V0-M16F,0,1,7
KIT100101417,Kit montage amortisseur transversal,0,1,7
KIT100147657,Kit montage frein à disque gauche sans FI,0,1,7
KIT100147661,Kit montage frein à sabot fonte,0,1,7
KIT100167923,Kit montage capteur anti-enrayeur,0,1,7
KIT100167940,Kit montage capteur anti-enrayeur,0,1,7
KIT100208143_BME,kit butée rotation haute bogie moteur extémité,0,1,7
KIT520026165,Kit montage comble lacune,0,1,7
KIT520028616,Kit montage jupe avant basse gauche,0,1,7
KIT520028634,Kit montage jupe arriere haute droite,0,1,7
520057704,Tresse de masse cadre - Pare brise,0,1,7
520057674,Clapet anti-retour - EV,0,1,7
520057636,Joint d'etancheite EV - EV,0,1,7
520057568,Clip soufflet - siège cond,0,1,7
520057473,Motoventilateur extraction clim 12,0,1,7
520057457,Contacteur LC1D-T206BL TESYS - Clim 32,1,1,7
520057406,Motoventilateur d'air traite clim 12,0,1,7
KIT520028635,Kit montage jupe arriere haute gauche,0,1,7
KIT520028890,Kit montage boitier commande pantographe 25kv,0,1,7
520057029,Carte CPU BCU T1,0,1,7
520056900,Carte DO_1,0,1,7
520056809,Separateur d'eau,0,1,7
520056791,Detendeur grand debit panneau aux,1,1,7
520056776,Filtre RELUMIX - Freinage,0,1,7
520056775,Valve minitrol,1,1,7
KIT520034766,Kit montage CVS L3M2,0,1,7
M520101971,R2N IdF Zl110m ACPT,0,1,7
M_EJI,ENS EJECTEUR INVERSE,0,1,7
520056738,Boite à ressort 25kV - Panto,0,1,7
520056712,Joint 153607 - Attelage,0,1,7
520056699,MRP valve complete - Attelage,0,1,7
520056672,Tube d10 7a12x5 - Panto,0,1,7
520056666,Union double UAC 16 ALL30 YIB/IBS - Panto,0,1,7
520056660,Bande de raccordement 1 5  kV - Panto,0,1,7
520056651,Butee bras inferieur - Panto,0,1,7
520056586,Carte CPU BCU T2,0,1,7
520056529,Jeu de filtres d'air - Attelage,0,1,7
520056515,Broche mâle Ag 4 mm  1009086 - Attelage,0,1,7
520056398,IP-RS12 Viper,1,1,7
520056316,Coupleur electrique,0,1,7
520039568,Commutateur L22 902-956,0,1,7
520039563,Z(IS)BDG / Z(IS)FEM / Z(IS)FU-MP(F) / Z(IS)SI(AL) - 902 235,0,1,7
520039531,Z(BG)IS - 902 961,0,1,7
520039335,FICHE SMS6PDH3 641B10110 - Clim 32,0,1,7
520038805,Manipulateur frein de secours L800T270,1,1,7
520038803,Bloc enfichable reseau,0,1,7
520053113,Rechauffeur 700W porte paquet - Rechauffeur,0,1,7
520051048,FLEXIBLE PNEUMATIQUE,0,1,7
520049703,KIT CONNECTEUR  CMRECA1GPLT,0,1,7
520049671,rechauffeur VX1N 1500W 230V - Rechauffeur,0,1,7
520046848,Coque equipee livree TER,0,1,7
520046060,PRISE DE PRESSION RBE03 - G1/4 mâle - Compresseur aux,0,1,7
520042541,TRAPPE ANTENNE GAUCHE NEUTRE,0,1,7
520041912,Bornier BNRCLMVY 634 Ohms,0,1,7
520041907,Z(SE)SNU-W - 902 233,0,1,7
520041905,Z(IH-G)PO - 902 256,0,1,7
520041590,NEON PETIT 21W,0,1,7
520039890,Butee cabine - Porte cabine,0,1,7
520039879,chaise,0,1,7
520039790,BP(TEST-LIS)B/H - 902 914,0,1,7
520039787,BP(FORC)CPR(AUX)3K/PTC/PTM - 902 901 - 101,1,1,7
520039769,BP-LPR - 902 909,2,1,7
520039768,BP1/2(AC)SF - 902 911,3,1,7
520039755,BOUTON POUSSOIR  P30  1NO  Affleurant  Blanc  Picto,0,1,7
520039711,BOUTON POUSSOIR P30  2NO  Picto  Affeurant  Rouge,0,1,7
520039655,Z(SE)F - 902 208,0,1,7
100158091,PIN MALE 51513-16S-20T12 - Clim 12,0,1,7
100158049,FICHE H VBN6-20-15SNT39-VO - Clim 32,0,1,7
100157998,BASE MALE VBN3-20-15PWT39-VO - Clim 12,0,1,7
100153382,Essieu monte moteur Type 810,0,1,7
100153332,BOGIE MOTEUR EXTREMITE 429C,0,1,7
100147658,Etrier de frein avec frein de parking,0,1,7
100123759,BACKSHELL VBN-M25BL20T39 - Clim 12,0,1,7
1001178127,miniature circuit breaker,0,1,7
3EST000222-1080,Dissipateur thermique,0,1,7
3EST000222-0750,Module convert. de ligne LCM 1500,0,1,7
3EST000222-0006,Dissipateur thermique,0,1,7
3EST000218-1237,Carte d#extension memoire - TCMS/TCN,0,1,7
3EST000218-1223,VCU-C Base Board DTBB 411F - TCMS/TCN,0,1,7
3EST000214-4355,Contacteur 3000 V 50 A-LTCH00601-A02 Q10-2305,0,1,7
3EST000214-4106,Relais auxiliaire de detection de tension CC - HV plate- F470-H4WP-WUU,2,1,7
3EST000213-8982,Condensateur triphase,0,1,7
3EST000205-1141,SURGE ARRESTO,0,1,7
3EJD000000-9497,Bielle de reaction de reducteur,0,1,7
3EH-217389R0330,Convertisseur de tension DVL 1500,2,1,7
3EGM065723R0001,Transformateur de courant 600A n=1:3000,0,1,7
3EGH489005-8735,Hinged frame 09 14 000 9960  - Clim 32,0,1,7
156000340,Cache bati lateral,0,1,7
143001870,VIS TBHC M6X15 EMB EPAULEE 8.8 N170H,0,1,7
143001850,VIS CHC M8X46 GORGE PILOT FF B170H,0,1,7
100378105,MCG 4G,1,1,7
100276373,Capteur TC,0,1,7
100242664,"Etrier de frein avec frein de parking 9""",0,1,7
100236300,GARNITURES DE FREINS,0,1,7
100206863,CHASSE PIERRE DROITE,0,1,7
100178127,Miniature Circuit Breaker 3P/10A/400VAC/LTD/6kA,0,1,7
100178125,miniature circuit breaker,0,1,7
100168378,Capteur ATESS R2N Lg 1070mm,0,1,7
100158623,Amortisseur vertical secondaire bogie extr,0,1,7
100158583,Amortisseur anti-lacet equipe,0,1,7
520127946,ComboBox Type I,0,1,7
520038365,BSI - Boitier de signalisation,0,1,7
520037384,Contacteur FEM - TC55/0686,1,1,7
520037367,Contacteur - LC1DT256SLS207,0,1,7
520037216,contactor of  Evaporator fan?M and L?/ of condenser fan - Clim cabine,0,1,7
520036263,Reservoir 795l,0,1,7
520035852,Feu Frontal,0,1,7
520035672,piece de montage petit panneau - Porte interc,0,1,7
520035244,DJ(CLM-VY)32KW - AM4R-Y43-10(70-251),0,1,7
520035107,Capot avant equipe - Comble lacune,0,1,7
520034689,Absorbeur frontal bas AX-BF1,0,1,7
520034123,Essui-vitres equipe,2,1,7
520033268,MSAVDC Transducer (Capteur HTdc),0,1,7
520033267,MSAV25K Transducer (CAPTEUR HTac),0,1,7
520032867,Camera video surveillance,1,1,7
520032865,DVR enregistreur video,0,1,7
520032032,Antenne MCG,0,1,7
520031999,Commutateur IP-TS,1,1,7
520031991,Lecteur de badge pupitre,0,1,7
520031558,Barre de comptage 4 capteurs,0,1,7
520031481,Ens. reservoir de retention LSU,0,1,7
520031402,Ensemble rail superieur,0,1,7
520029912,Haut-parleur cabine - CLS - VCS,0,1,7
520029894,Tiroir sonorisation/interphonie PCCRnPH,1,1,7
100337372,IHM 410 - 3EST000221-8815,1,1,7
IPCNAT002011,Relais F470-H4W-WUU - Panneau relais-81028078S,11,1,7
IPCNAT002023,Relais F670S2-H4W-WWUV - Panneau relais,0,1,7
IPCNAT002028,Relais F470-H4D-YUU - Panneau relais,1,1,7
520127944,Routeur Wifi MAR_21Net_Boite,0,1,7
100488134,Bouton poussoir panneau d'appel à l'aide UFR  - PCUa_BP 25N - VCS,0,1,7
520060052,kit de joints interne et externe - Toilette LSS,0,1,7
520059572,Support colonne assemble (gauche) - Porte voyageur,0,1,7
520059360,Rail de guidage  cote charnière - Porte cab,0,1,7
520059335,Ensemble solenoïde - Porte cab,0,1,7
520059188,Table à langer LSU - Toilette LSU,0,1,7
520059180,Roulements superieurs LSU - Toilette LSU,0,1,7
520059155,Filtre à air FT0020565-100,0,1,7
520059141,Convertisseur redonde CV1 - Toilette LSS,0,1,7
520073451,CACHE DJ VIS RONDELLE SUR PANNEAU EQUIPE,0,1,7
520069545,Câble de courant de décharge,0,1,7
520066446,Housse complexee de Dossier Bas CSIV - Strapontin,0,1,7
520066445,Housse complexee de Dossier Bas HDII - Strapontin,0,1,7
520066050,COLLECTEUR EQUIPE VI - Freinage,0,1,7
520066031,COLLECTEUR EQUIPE - Freinage,0,1,7
520065995,RESERVOIR EQUIPE 2 5L - Freinage,0,1,7
520065877,ETIQUETTES WC SUR CAPOT AFFICHEUR INTERIEUR,0,1,7
520065851,Electrovalve d'admission (INVA / INVB),7,1,7
520065517,Boitier de commande gauche barre bilatérale,0,1,7
520064527,Bague d'Articulation Externe - Siege accomp/strapontin,0,1,7
520064119,Système de maintien en position ouvert - Panto,0,1,7
520062428,Z(IS)PC - 902 971,0,1,7
520061482,Verrou quart de tour - Porte cabine,0,1,7
520060496,Kit de maintenance Face avant - BSI,0,1,7
520113838,FE1896-020: Panneau ABT1-1 VE1NV11-IDF,0,1,7
520112537,Servomoteur volet d'air neuf  LF24-MFT2 (12kw  32kw  toilette),0,1,7
520112232,Joints périphériques (gauche) - Porte voyageur,0,1,7
520112231,Joints périphériques (droit) - Porte voyageur,0,1,7
520110146,Butée aimantée (côté cabine),0,1,7
520110143,Cloison gauche VE2N - Cloison cabine type compin,0,1,7
520110140,Traverse supérieure équipé - Cloison cabine type compin,0,1,7
520110016,Porte centrale equipee - Cloison cabine Compin,0,1,7
3EST000232-8101,Pompe cooling,0,1,7
3EST000230-6806,KIT REPARATION MS PIPE M2A,0,1,7
3EST000228-3561,RELAI 72V VDC -DC LINE VOLTAGE-B2203,1,1,7
3EST000228-0628,Module d'entrees / sorties MIO-S-DXH3 -> utiliser 520076878,0,1,7
3EST000227-0520,Unite de contacteur - L3M2,0,1,7
3EST000227-0335,Relay Panel -U1 M2A PCB,1,1,7
520102736,Module d'entrees/sorties MIO-S-DXH4,1,1,7
520102731,POIGNEE GAUCHE APPUI TETE NCS S 1000N B=45%,0,1,7
520102629,ACCOUDOIR LATERAL D 38mm NCS S1000N,0,1,7
520102625,ACCOUDOIR CENTRAL 78mm NCS S1000N,0,1,7
520099709,CC  1P  50A  72VCC  1RT  (CC-FEM),0,1,7
520099255,Arbre flex - EV - Remplace 520057633,0,1,7
520098556,SILENCIEUX,0,1,7
520097792,Ens 2 Contacteurs 160A-72Vcc  2P+2x4aux - C1-C2BA-VI1N,1,1,7
3EST000226-5156,VIS POUR MIO,0,1,7
520094132,DJ à relais 4P 70A 400VAC 2RT +bobine,0,1,7
520092274,Kit connecteur HANQ 7/1,0,1,7
520090063,PRESSOSTAT,1,1,7
520088646,Batterie 38MRX90 SAFT,0,1,7
3EST000225-2342,Serial link inductor - L3M2,0,1,7
3EST000224-8852,DC Filter capacitor LCM MCM,0,1,7
3EST000224-3701,Contact à rupture brusque - HV plate,0,1,7
3EST000224-3700,Vanne - HV plate,0,1,7
520085181,connecteur CMDJCX61,0,1,7
3EST000223-6768,Carte de communication MVB DCTA 771A - HV plate,0,1,7
520084176,Soft VCS Tiroir sono,0,1,7
520084170,Soft lect badge stations base,0,1,7
520084162,Softs afficheurs,0,1,7
520084037,Soft Minitrol (Robinet mecanicien),0,1,7
520084036,Soft WSP,0,1,7
520083282,DJ SI ON Y249  0.5A,0,1,7
520083272,Module d'entrees/sorties MIO-S-DXH2,2,1,7
520082289,KIT CONNECTEUR COMPLET DBZ,0,1,7
520081081,Compresseur HVAC 32KW,0,1,7
520080184,Evaporateur,0,1,7
520080182,Compresseur clim cabine,0,1,7
520079866,Encodeur porte LSU / Encoder,0,1,7
520077840,Avertisseur aigu ZM75/660 UIC 95x95,0,1,7
520077028,Palier lateral gauche - Strapontin,0,1,7
520077021,Relais FDN670-H4D-YXUV - Panneau relais,2,1,7
520076125,circuit breaker of  compressor   - Clim cabine,0,1,7
520075953,Thermostat EAW 24V DC 80°C - Rechauffeur,0,1,7
520074982,ressort de torsion pedale de commande - Repose pied,0,1,7
520074693,Cable gland-PRESSE ETOUPE NEWCAP,0,1,7
520074171,Carte MCM IF automate clim,1,1,7
520074154,MODULE M SIMEF0816PB / 32641B10116 - Clim 32,0,1,7
520128898,Manostat de seuil compresseur principal MA (SE) CPR,0,1,7
520074009,BASE F VBN3RM32A-13SNT39-VO-M32F - Clim 12,0,1,7
520073947,Sonde temperature tuyau SMS 3V 681F10020 - Clim 32,0,1,7
520073940,Plots  Type 35  Sh45  AMC Ref. 137065 - Clim 32,0,1,7
520073928,Pressostat HP N/O - Clim 32,0,1,7
520073686,Media filtrant - Clim 12,0,1,7
81601299S,Resistance disjoncteur de signalement 330 ohm -,0,1,7
81510039S,MODULE 09140009950 # MODULO AISLAN - Clim 32,0,1,7
72002362S,Platine boitier control eclairage,0,1,7
5633934-13,RELAIS AUXILIAIRE - HV plate,1,1,7
520029892,Tiroir sonorisation/interphonie PSC1PH,0,1,7
520029005,Console DMI,0,1,7
520028819,Pantographe 25kV AX NG,0,1,7
520028527,EMERGENCY THERMOSTAT - Clim cabine,1,1,7
520026165,Comble lacune UFR - 155906.0103,0,1,7
520025902,Voyant UFR non accessible - Porte voyageur,2,1,7
520124676,Z-AVER - 902 1000 (Modèle IdF),0,1,7
520118265,Joint de porte DB1727 5,0,1,7
520025812,Barre de coordination droite,0,1,7
520023051,Unite extraction simple,0,1,7
520023028,Sonde temperature ambience 681F10027- Clim 32,1,1,7
520013655,VALVE DE FIN DE COURSE #101 7856250108 - Freinage,0,1,7
5200102624,Clip maintien dossier D,0,1,7
520059118,Carte PCB connexion,0,1,7
520059116,Pompe à membrane H10 - Toilette LSS,1,1,7
520059113,Capteur de niveau cuvette CA5 - Toilette LSS,0,1,7
520059111,Electrovanne pneumatique P03 - Toilette LSS,0,1,7
520059009,Cuvette H08,1,1,7
520058906,Ceramique  isolateur M10-M10 H=50 pour barres de cuivre - Resist Frein,0,1,7
520058810,Joint arriere 1223291603 - Porte interc,0,1,7
520058734,Bloc enfichable CPMV2385,0,1,7
520058733,Bloc enfichable AQMV2625,0,1,7
520058722,Ensemble verrouillage - Porte interc,0,1,7
520058533,Charniere de panneau amovible - Porte cabine,0,1,7
520058529,Gache porte - Porte cabine Saira,2,1,7
520058524,Aimant porte - Porte cabine,0,1,7
520058486,Fin de Course FC_F - Comble lacune,0,1,7
520058482,Reducteur - Comble lacune,0,1,7
520058480,Galet lateral E155927-0101 - Comble lacune,1,1,7
520058435,Vitre panneau fixe 84.7127.1202 - Porte interc,0,1,7
520058430,BLOC OPTIQUE EQUIPE GAUCHE NEUTRE,0,1,7
520058312,Fusible 350A - Coffre batterie,1,1,7
520058101,SUPPORT DE SABLIERE VERSION INTERMEDIAIRE,0,1,7
520058080,Trappe centrale droite - Porte cabine,0,1,7
520058053,Porte balai equipe - EV,0,1,7
520057991,Joint avant Femelle E156317-0001- Porte voyageur,0,1,7
520057990,Kit Joints de vitrage E156525-0101 - Porte voyageur,0,1,7
520057986,Trappe inferieure gauche - Porte cabine,0,1,7
520057984,Groupe de contrôle secheur d'air,0,1,7
520057961,Moteur porte,0,1,7
520049294,FE1899-100: Panneau PLTR VI1NV15,0,1,7
TC520032866,IHM CCTV,0,1,7
TC3EST000225-2269,Contacteur isolation 1100A 2000V,0,1,7
TC520038166,Passerelle MVB/WTB (TCN-GW-S),0,1,7
TC3EST000225-6003,Disjoncteur CA,0,1,7
TC3EST000224-8852,DC Filter capacitor LCM MCM,0,1,7
TC520038881,Ensemble porte-balai avec balai,0,1,7
520123326,Module ARP boitier électronique,0,1,7
3EST000225-4035,Relai U2 U10 K4303,0,1,7
TC520065855,Carte de controle ADCU,0,1,7
TC520118724,Generateur de son plateforme - evolution,0,1,7
TC520032477,Module camera SDQ,0,1,7
TC72620420S,Convertisseur 72V 72V,0,1,7
100302830,Bogie moteurExtremite Y429H,0,1,7
TC3EST000224-1111,Convertisseur CC/CC,0,1,7
TC520032478,Module laser SDQ simple,0,1,7
TC520038779,EMCO rack equipe,0,1,7
TC520058617,Bloc enfichable ELEN34378,0,1,7
KIT100147660,Kit montage frein à sabot fonte,0,1,7
KIT100165252,Kit montage capteur anti-enrayeur,0,1,7
KIT100168381,Kit montage capteur ATESS,0,1,7
KIT520028630,Kit montage jupe arriere basse droite,0,1,7
KIT520028631,Kit montage jupe arriere basse gauche,0,1,7
520057701,Thermostat câble - Pare brise,0,1,7
520057563,Disjoncteur 16A AMN3R-P39P26P39 - Clim 12,0,1,7
520057562,MANOSTAT TYPE F92B 784 605 68 08 - Compresseur prin,4,1,7
520057521,Secheur d'air compresseur auxiliaire,0,1,7
KIT520028816,Kit montage boitier commande pantographe 1 5kv,0,1,7
KIT520029007,Kit montage antenne ERTMS,0,1,7
KIT520031481,Kit montage reservoir retention WC,0,1,7
KIT520033800,Kit montage panneau de frein,0,1,7
520056895,Alimentation G2 AT1 BCU,0,1,7
520056888,Electrovalve type EV 21C - Freinage,0,1,7
520056771,Connecteur electrique SRCR23X22-14 PN- Panto,0,1,7
520056766,Electrovalve 21C - Panneau frein,2,1,7
KIT520094312,Kit montage sonde panier batteries,1,1,7
PC603-110,Bride fixa.1 trou forte de 33 bride sablière,0,1,7
520056710,vanne complete BP - Attelage,0,1,7
520056697,Module 2 monostatique (25kV) - Panto,0,1,7
520056671,electrovanne E081803-0104 - Panto,1,1,7
520056667,modul 1 - Panto,0,1,7
520056589,Carte PO_1,0,1,7
520056556,Manchon caoutchouc  - Attelage,0,1,7
520056555,Joint 150126 - Attelage,0,1,7
520056549,Tuyau 1035870-2 - Attelage,0,1,7
520056548,Tuyau 1035870-1- Attelage,0,1,7
520056547,Vanne à bille 1/4 - Attelage,0,1,7
520056546,Conduite 1038256 - Attelage,0,1,7
520056545,Conduite 1038274 - Attelage,0,1,7
520056543,Conduite 1038268 - Attelage,0,1,7
520056079,Moto-compresseur de la production d'air,0,1,7
520055422,CONVERTISSEUR 72/24 50WR2 - CVS 7224,1,1,7
520039652,Z(W) - 902 215,0,1,7
520039645,Z(IS)RS - Z(IS)VA - Z(TEST)SDQ 902 224,0,1,7
520039564,Z(IS)ENR - 902 213,0,1,7
520039560,Z(DEL)DEP - 902 210,0,1,7
520039540,Z-AVER - 902 990,1,1,7
520038881,Ensemble porte-balai avec balai,1,1,7
520038791,TRAPPE DE REMPLISSAGE EAU,0,1,7
520053296,Z(IS-I)TFP - 902 201,0,1,7
520053134,Kit connecteur 74401793 CMCVSTTX65,0,1,7
520045070,CABLE RADIO (entre le connecteur et l antenne),0,1,7
520044595,SUPPORT EQUIPE VALVE NIVELLEMENT,0,1,7
520043487,TRAPPE SOUS PUPITRE GAUCHE EQUIPEE,0,1,7
520042187,AMORTISSEUR INTERCAISSE KONI 02R 2303,0,1,7
520041906,Z(SE)72V - 902 202,0,1,7
520041826,Commutateur Z(IS-I)CVS-BA,0,1,7
520040637,BASE M VBN3RM28-21PNT39-VO-M25F - Clim 12,0,1,7
520039791,BPL2(AUT-OP-DO/GA)(cab) - 902 022,1,1,7
520039656,Z(SE)LFR-LPRF - 902 222,1,1,7
100158090,PIN MALE 51513-16S-12T12 - Clim 12,0,1,7
100154895,Plaque intermediare pour frein de sabot ->,0,1,7
100154662,Plaque intermediare pour frein de sabot ->,0,1,7
100153549,Ressorts helicoidaux groupe,0,1,7
100153262,Bloc de freinage type semelle organique gauche,0,1,7
100153261,Bloc de freinage type semelle organique droite,0,1,7
100146361,AUXILIARY CONTACTOR,0,1,7
100141789,Bogie moteur extremite 429A,0,1,7
100116664,EJECTEUR GRAISSEUR DE BOUDIN,0,1,7
0284022,Poignée traction/Freinage 10-3300421,0,1,7
3EST000220-6001,TIME DELAY RELAY,0,1,7
3EST000214-3010,IP-CS8-IP65 Comm. 8 ports (ANCIENNE REF. PRENDRE 3EST000229-1849,0,1,7
3EST000213-9063,Ventilateur interne,1,1,7
3EST000210-3204,Ferrite - Modules PPC,0,1,7
3EST000210-1384,Segment racleur - HV plate,0,1,7
3EST000208-0535,Ensemble contact auxiliaire - HV plate,0,1,7
156000330,bout bati ep15,0,1,7
100382599,Ensemble porte-balai avec balai SWSP704043,0,1,7
100276377,Lecteur balise SILEC,0,1,7
100208143,BUTEE DE ROTATION,0,1,7
100183116,miniature circuit breaker,0,1,7
100162284,Systeme deverouillage FI,0,1,7
520038385,Poignee d'alarme SAI,1,1,7
520037809,Diode anti-retour frein electromagnetique -,0,1,7
520037368,Contacteur - LP1D400086SWS207,1,1,7
520036352,ASSEMBLAGE DE PROFIL LUMINAIRE,0,1,7
520035917,Tiroir radio GSMR reference B61b1,0,1,7
520035872,Store frontal,0,1,7
520035649,Ejecteur de sable SNCF 5 bar - Sablage,0,1,7
520035282,CC-FEM  1P  63A  72VCC  1RT - rempl par 520099709,1,1,7
520035106,Condamnation sur caisse,0,1,7
520035104,Bouchon de codage - Porte voyageur,1,1,7
520034981,CC  2P  16A/30mA  230VAC - DS201 L C16 AC30T+S2C HR,2,1,7
520034784,Unite de diagnostique VCU-C,0,1,7
520033794,Coffre de frein bogie inter (FT0011193-104),0,1,7
520033774,ROBINET D'ARRET COUDE 1 1/4  (version gauche) - Freinage,0,1,7
520033597,"Ecran PIES - TFT 19""",0,1,7
520032002,Commutateur IP-RS12 - TCMS/TCN,0,1,7
520031403,Ensemble vantail primaire,0,1,7
520029917,Bouton poussoir panneau d'appel à l'aide UFR  - PCUa_BP - VCS,0,1,7
520029913,Haut-parleur exterieur - ELS - VCS,1,1,7
520038726,Liseuse à LED 16-150V DC  DEUX BROCHES- Siege passager,3,1,7
520038435,Gouttière VE1N porte gauche - Porte cab,0,1,7
520038434,Joint torique 100 ER0 610 REP2 - Pare brise,0,1,7
520145412,HOME SENSOR,2,1,7
IPCNAT002009,Relais F670-H4W-WUUV - Panneau relais,2,1,7
IPCNAT002012,Relais F370-H4W-WU - Panneau relais,2,1,7
IPCNAT002027,Relais F470S1-H4W-WZX - Panneau relais,2,1,7
IPCNAT280002,Module K7EN3,2,1,7
520060041,Bouton poussoir ouverture/fermeture LSU - Toilette LSU,1,1,7
520060021,Capteur de commutation alimentation CA14 / vidange CA13,1,1,7
520059580,Joint peripherique droit E156287-0101 - Porte voyageur,0,1,7
520059573,Palier gauche equipe E156082-0101 - Porte voyageur,0,1,7
520059374,Camera retrovision 8mm,3,1,7
520059363,Mecanisme de serrure gauche - Porte cab,0,1,7
520059339,Vantail porte ext doite,0,1,7
520059337,Rotule lisse - Porte cab,0,1,7
520059201,Panneaux collecteur Camlock retention - Toilette LSU,0,1,7
520059176,H.14-Electrovanne (ejecteur) - Toilette LSS,0,1,7
520059158,Vanne pneumatique  alimentation H39 - Toilette LSS,0,1,7
520059156,Vanne de vidange manuelle H35 - Toilette LSS,0,1,7
520059145,Electrovanne (P10 / P11 / P12 / P07/P24) - R006343,0,1,7
520059140,Automate LSU -> Utiliser 520059119,0,1,7
520073681,Motoventilateur extraction 1 - unite double,0,1,7
520070408,raccord staubli,0,1,7
520070386,Vanne Roediger equipee - toilette,0,1,7
520066053,Module isolement double VI sans frein de parking,0,1,7
520066051,Module isolement triple avec frein parking,0,1,7
520065852,Electrovalve d'echappement (EXVA / EXVB),0,1,7
520065821,Electro-valve FT0025443-100 - Compresseur prin,1,1,7
520063898,Plastron Z(RG)CLM-VY,0,1,7
520063003,Pedale VACMA (Saintronic),0,1,7
520061146,Verrou droit tiroir Batterie - Coffre batterie,0,1,7
